map,a_star_time_ms,a_star_energy_j,a_star_length_m,a_star_smoothness,a_star_waypoints,mctd_time_ms,mctd_energy_j,mctd_length_m,mctd_smoothness,mctd_waypoints,mctd_fallback,mctd_nodes_explored
000_000.npz,199.54700700054673,8200.035537298381,70.08326112068524,19.739208802178716,57,84.77720499922725,8200.035537298381,70.08326112068524,19.739208802178716,57,False,614
000_003.npz,189.21352199959074,9305.434163872927,85.12489168102786,35.16046567888082,65,94.44713899938506,9305.434163872927,85.12489168102786,35.16046567888082,65,False,715
000_005.npz,161.05886300010752,9926.18631095514,83.8111831820431,38.86156732928935,67,269.2902030012192,9926.18631095514,83.8111831820431,38.86156732928935,67,True,245
000_007.npz,185.84813500001474,8465.65618183017,71.32590180780451,17.271807701906376,57,92.41260799990414,8901.940393245972,71.32590180780451,19.739208802178716,57,False,650
000_012.npz,179.95498799973575,9814.040373090756,79.22539674441619,22.82346017751914,62,99.37197599992942,9814.040373090756,79.22539674441619,22.82346017751914,62,False,698
000_015.npz,184.14022399974783,8258.941300962386,66.15432893255071,20.3560590772468,51,100.89943200000562,8258.941300962386,66.15432893255071,20.3560590772468,51,False,691
000_019.npz,99.63538800002425,9420.390034658136,67.32590180780451,28.991962928199992,53,124.21367499973712,9420.390034658136,67.32590180780451,28.991962928199992,53,True,222
000_021.npz,87.41955799996504,8776.50545767325,69.08326112068522,22.206609902451056,56,114.35120299938717,8776.50545767325,69.08326112068522,22.206609902451056,56,True,279
000_024.npz,193.12634099969728,9922.752001910194,90.88225099390857,39.478417604357425,72,211.27007999984926,9922.752001910194,90.88225099390857,39.478417604357425,72,True,132
000_025.npz,182.22156199954043,7265.981215951116,65.32590180780451,31.45936402847233,51,104.4469599992226,7265.981215951116,65.32590180780451,31.45936402847233,51,False,754
000_026.npz,161.29838400047447,9771.383855716444,81.8111831820431,37.01101650408508,65,224.95956300008402,9771.383855716444,81.8111831820431,37.01101650408508,65,True,654
000_029.npz,119.13306600035867,8235.148103069974,73.08326112068522,22.82346017751914,60,67.38010400022176,8235.148103069974,73.08326112068522,22.82346017751914,60,False,539
000_032.npz,119.46997399991233,9735.189178889963,78.39696961966999,24.05716072765531,62,72.51565499973367,9735.189178889963,78.39696961966999,24.05716072765531,62,False,703
000_033.npz,183.0284589996154,9081.69720002337,78.05382386916237,37.62786677915318,60,117.25830199975462,9081.69720002337,78.05382386916237,37.62786677915318,60,False,949
000_038.npz,186.54595599946333,9283.14678352175,82.05382386916237,30.842513753404248,64,96.22931799913204,9346.655183698005,81.46803743153546,29.608813203268078,63,False,586
000_039.npz,164.32460000032734,9950.912051603364,82.63961030678928,32.07621430354042,65,211.05079399967508,9950.912051603364,82.63961030678928,32.07621430354042,65,True,256
000_040.npz,172.85776900007477,9760.122286656782,73.91168824543142,29.608813203268078,60,113.80051600008301,9760.122286656782,73.91168824543142,29.608813203268078,60,False,644
000_042.npz,149.92617200005043,8975.494924838522,78.98275605729688,22.82346017751914,63,65.12290599948756,8975.494924838522,78.98275605729688,22.82346017751914,63,False,645
000_043.npz,154.1666040002383,9489.235612732331,79.39696961966999,27.758262378063822,63,75.17843499954324,9489.235612732331,79.39696961966999,27.758262378063822,63,False,545
000_045.npz,148.7875470002109,7063.8971101883235,63.840620433565945,27.141412102995737,52,72.47125399953802,7063.8971101883235,63.840620433565945,27.141412102995737,52,False,631
000_046.npz,148.81110900023486,8845.360757602997,67.81118318204308,27.141412102995737,51,93.15557099944272,8845.360757602997,67.81118318204308,27.141412102995737,51,False,617
000_048.npz,229.74380800042127,8492.93887969282,66.91168824543142,17.88865797697446,53,88.0061369998657,8492.93887969282,66.91168824543142,17.88865797697446,53,False,632
000_050.npz,127.67190000067785,9077.051190321594,69.32590180780451,22.206609902451056,55,49.9140060001082,9077.051190321594,69.32590180780451,22.206609902451056,55,False,477
000_055.npz,114.96696399990469,8836.380085277751,60.01219330881976,22.82346017751914,49,79.68224700016435,8836.380085277751,60.01219330881976,22.82346017751914,49,False,520
000_056.npz,117.60291300015524,6905.833460819638,62.42640687119284,29.608813203268074,51,87.602524000431,6905.833460819638,62.42640687119284,29.608813203268074,51,False,851
000_057.npz,136.24467400040885,9093.581576527029,73.9827560572969,24.674011002723397,58,80.54496400018252,9093.581576527029,73.9827560572969,24.674011002723397,58,False,709
000_060.npz,135.14054699953704,9183.080550606126,71.32590180780451,30.22566347833616,57,183.12336899907677,9183.080550606126,71.32590180780451,30.22566347833616,57,True,286
000_062.npz,175.3230349995647,8918.92236250995,67.9116882454314,20.972909352314886,54,80.62876999974833,8918.92236250995,67.9116882454314,20.972909352314886,54,False,645
000_063.npz,146.33755700015172,5605.618042923607,56.597979746446654,25.907711552859563,46,69.32529099958629,5605.618042923607,56.597979746446654,25.907711552859563,46,False,588
000_065.npz,147.21941799962224,8260.429411947072,71.32590180780451,18.505508252042546,57,194.55524700060778,8260.429411947072,71.32590180780451,18.505508252042546,57,True,479
000_066.npz,146.56888599984086,7239.822802100355,71.56854249492379,25.290861277791482,56,76.51558599991404,7239.822802100355,71.56854249492379,25.290861277791482,56,False,630
000_070.npz,120.30843399952573,8523.721566429798,70.1543289325507,16.03810715177021,55,109.34825099957379,8523.721566429798,70.1543289325507,16.03810715177021,55,False,885
000_072.npz,209.0823319995252,9180.07094383557,76.9827560572969,28.99196292819999,61,119.35917099981452,9180.07094383557,76.9827560572969,28.99196292819999,61,False,883
000_074.npz,154.95989600003668,8394.29374725259,73.22539674441617,25.907711552859567,56,98.1314119999297,8394.29374725259,73.22539674441617,25.907711552859567,56,False,726
000_075.npz,173.0710560004809,8958.725931874604,64.84062043356593,24.674011002723397,53,78.93690200035053,8958.725931874604,64.84062043356593,24.674011002723397,53,False,489
000_076.npz,176.3190140000006,6138.067033879834,56.59797974644665,19.12235852711063,46,112.02647800018894,6138.067033879834,56.59797974644665,19.12235852711063,46,False,801
000_081.npz,131.80112600002758,7404.3051798613105,61.840620433565945,22.206609902451056,50,195.32961400000204,7404.3051798613105,61.840620433565945,22.206609902451056,50,True,544
000_082.npz,138.2088139998814,8278.811956806876,73.56854249492379,26.52456182792765,58,58.21567099883396,8278.811956806876,73.56854249492379,26.52456182792765,58,False,555
000_083.npz,143.8234810002541,6263.238067503542,50.284271247461895,15.421256876702122,43,61.97714100017038,6263.238067503542,50.284271247461895,15.421256876702122,43,False,636
000_084.npz,202.54758800001582,8757.873562590788,71.98275605729688,32.6930645786085,56,76.12791400060814,8817.956265244353,73.98275605729691,36.39416622901701,58,False,601
000_087.npz,163.58215600030235,9472.172631159696,70.91168824543142,24.05716072765531,57,67.33461299882038,9472.172631159696,70.91168824543142,24.05716072765531,57,False,656
000_091.npz,96.99434600042878,4550.935027825873,54.597979746446654,19.12235852711063,44,52.83752299965272,4550.935027825873,54.597979746446654,19.12235852711063,44,False,520
000_092.npz,152.0026960006362,9363.293242637386,69.56854249492379,28.991962928199992,54,176.03472199971293,9363.293242637386,69.56854249492379,28.991962928199992,54,True,109
000_093.npz,111.00355700000364,9797.06445533667,87.39696961966997,32.6930645786085,71,69.24955799968302,9797.06445533667,87.39696961966997,32.6930645786085,71,False,568
000_094.npz,178.1636340001569,8816.639502695512,75.39696961967,32.6930645786085,59,71.88150900037726,8816.639502695512,75.39696961967,32.6930645786085,59,False,584
000_097.npz,125.60972200026299,8593.62490906649,61.01219330881975,27.75826237806382,50,167.6167939995139,8593.62490906649,61.01219330881975,27.75826237806382,50,True,286
001_000.npz,217.25404399967374,9462.487095764885,80.05382386916237,22.82346017751914,62,91.93280500039691,9462.487095764885,80.05382386916237,22.82346017751914,62,False,770
001_001.npz,155.90841899938823,8762.40957944973,81.9827560572969,30.842513753404244,66,177.33784800020658,8762.40957944973,81.9827560572969,30.842513753404244,66,True,198
001_002.npz,167.9847699997481,8139.731612442744,82.88225099390854,27.141412102995737,64,78.1792329999007,8139.731612442744,82.88225099390854,27.141412102995737,64,False,735
001_003.npz,161.11716399973375,9984.288235791702,79.1543289325507,28.375112653131907,64,71.07247099975211,9984.288235791702,79.1543289325507,28.375112653131907,64,False,674
001_004.npz,134.48362199960684,9513.731137941288,70.74011537017759,17.271807701906376,56,208.14196899937087,9513.731137941288,70.74011537017759,17.271807701906376,56,True,618
001_005.npz,120.83863699990616,8623.539682559871,68.25483399593904,29.608813203268074,56,71.53611300054763,8623.539682559871,68.25483399593904,29.608813203268074,56,False,667
001_006.npz,190.96352999986266,9331.852988292596,83.22539674441619,28.99196292819999,66,98.68478299995331,9331.852988292596,83.22539674441619,28.99196292819999,66,False,754
001_007.npz,109.72926700014796,8984.206700187204,70.84062043356595,24.05716072765531,59,63.71713199951046,8984.206700187204,70.84062043356595,24.05716072765531,59,False,605
001_008.npz,147.41473400044924,9996.415859168337,79.22539674441617,30.842513753404248,62,92.52659200046764,9996.415859168337,79.22539674441617,30.842513753404248,62,False,713
001_009.npz,147.07766399988031,9203.092395287737,78.56854249492379,27.75826237806382,63,173.32145999898785,9203.092395287737,78.56854249492379,27.75826237806382,63,True,272
001_011.npz,111.11398899993219,7943.35936626059,67.32590180780451,27.758262378063822,53,80.85401700100192,7943.35936626059,67.32590180780451,27.758262378063822,53,False,650
001_012.npz,118.45957999958046,8388.087708414507,73.66904755831213,25.907711552859567,61,160.9388709994164,8388.087708414507,73.66904755831213,25.907711552859567,61,True,186
001_014.npz,111.75349099994492,7480.194399596522,67.1543289325507,34.54361540381275,52,58.11587599964696,7480.194399596522,67.1543289325507,34.54361540381275,52,False,555
001_016.npz,182.61227700077143,8907.379490178419,74.66904755831213,28.99196292819999,62,79.08459099962784,8907.379490178419,74.66904755831213,28.99196292819999,62,False,670
001_020.npz,160.7455880002817,9780.136947785035,73.5685424949238,27.75826237806382,58,105.67634600010933,9780.136947785035,73.5685424949238,27.75826237806382,58,False,655
001_021.npz,138.8394759997027,9421.684834004265,72.81118318204308,32.07621430354042,56,158.5285040000599,9421.684834004265,72.81118318204308,32.07621430354042,56,True,238
001_023.npz,137.70091599963052,9279.184542566536,71.08326112068522,25.29086127779148,58,91.04214199942362,9279.184542566536,71.08326112068522,25.29086127779148,58,False,703
001_026.npz,144.67311699991114,8700.21921813947,69.74011537017759,16.654957426838294,55,183.74503099948925,8700.21921813947,69.74011537017759,16.654957426838294,55,True,398
001_028.npz,136.58294200013188,6546.229985873363,61.08326112068522,19.12235852711063,48,80.04026699927635,7211.406059061449,62.49747468305833,21.58975962738297,49,False,694
001_030.npz,148.80890899985388,7831.020889442929,67.7401153701776,28.375112653131904,53,72.33894799992413,7831.020889442929,67.7401153701776,28.375112653131904,53,False,721
001_031.npz,166.82854300051986,9858.59342630559,70.74011537017759,24.674011002723397,56,82.53609700022935,9858.59342630559,70.74011537017759,24.674011002723397,56,False,652
001_038.npz,131.91154800006188,8224.32661750083,70.42640687119284,27.75826237806382,59,45.04639300012059,8224.32661750083,70.42640687119284,27.75826237806382,59,False,427
001_041.npz,118.46058700029971,8323.001035557942,69.98275605729688,32.07621430354041,54,75.35168999947928,8323.001035557942,69.98275605729688,32.07621430354041,54,False,629
001_044.npz,157.82286200010276,8333.50437827149,62.66904755831213,31.45936402847233,50,45.593796999128244,8333.50437827149,62.66904755831213,31.45936402847233,50,False,478
001_045.npz,157.44148300018423,9773.51546616363,76.9827560572969,30.842513753404248,61,219.47173199987446,9773.51546616363,76.9827560572969,30.842513753404248,61,True,296
001_048.npz,222.16955200019584,9647.141078085597,78.81118318204308,24.674011002723397,62,99.11497000030067,9647.141078085597,78.81118318204308,24.674011002723397,62,False,724
001_049.npz,111.43400099990686,6975.774688309612,59.01219330881975,28.991962928199992,48,48.96123799971974,6975.774688309612,59.01219330881975,28.991962928199992,48,False,481
001_050.npz,137.17600499967375,7491.848859626339,66.84062043356593,25.290861277791482,55,217.62300799946388,7491.848859626339,66.84062043356593,25.290861277791482,55,True,527
001_052.npz,145.00897099969734,7826.13604712879,62.083261120685236,25.907711552859567,49,63.704225000037695,7907.132030364079,62.083261120685236,23.440310452587227,49,False,656
001_053.npz,151.71904799990443,9678.693343087532,95.95331880577406,33.30991485367658,75,217.01532699989912,9678.693343087532,95.95331880577406,33.30991485367658,75,True,453
001_054.npz,222.31504899991705,9939.408786447233,93.29646455628168,45.0300700799702,74,203.58608700007608,9939.408786447233,93.29646455628168,45.0300700799702,74,True,167
001_056.npz,88.2099089994881,7768.758417590885,66.49747468305831,24.05716072765531,53,100.41166100018017,7768.758417590885,66.49747468305831,24.05716072765531,53,True,107
001_057.npz,148.4446710001066,9600.25534207271,77.3259018078045,27.141412102995737,63,76.57238699994195,9600.25534207271,77.3259018078045,27.141412102995737,63,False,673
001_059.npz,186.14275400068436,8845.029765842748,76.3259018078045,32.07621430354041,62,239.5036819998495,8845.029765842748,76.3259018078045,32.07621430354041,62,True,368
001_061.npz,139.69319700026972,8788.982367514074,74.7401153701776,25.907711552859567,60,59.92120399969281,8788.982367514074,74.7401153701776,25.907711552859567,60,False,569
001_062.npz,176.56424600045284,9780.111037618311,85.9827560572969,28.375112653131907,70,248.3914590002314,9780.111037618311,85.9827560572969,28.375112653131907,70,True,333
001_065.npz,139.78294899970933,7085.558429324321,59.01219330881974,16.654957426838294,48,74.63750900024024,7085.558429324321,59.01219330881974,16.654957426838294,48,False,751
001_067.npz,143.29598999938753,6490.1162306398755,64.84062043356593,15.421256876702122,53,67.78443700022763,6739.102548754528,65.66904755831213,16.654957426838294,53,False,557
001_069.npz,95.76651400038827,9014.113108185156,70.1543289325507,22.82346017751914,55,57.34956699961913,9014.113108185156,70.1543289325507,22.82346017751914,55,False,544
001_071.npz,141.3569970000026,8073.83994590764,64.15432893255071,17.27180770190638,49,62.87723700006609,8073.83994590764,64.15432893255071,17.27180770190638,49,False,623
001_072.npz,143.52267200047208,7997.841358429039,77.81118318204308,33.92676512874466,61,85.49101500011602,7997.841358429039,77.81118318204308,33.92676512874466,61,False,614
001_073.npz,122.07707300058246,9587.327017312753,70.84062043356595,27.141412102995734,59,67.64240599932236,9587.327017312753,70.84062043356595,27.141412102995734,59,False,489
001_074.npz,172.13008100043226,9000.757998062938,75.9116882454314,34.543615403812744,62,69.05235399972298,9574.516331630748,75.3259018078045,38.244717054221255,61,False,707
001_075.npz,147.72205099961866,7410.896251136242,68.49747468305833,29.608813203268074,55,89.03489499971329,7410.896251136242,68.49747468305833,29.608813203268074,55,False,737
001_080.npz,208.8243700000021,9720.59311157721,87.29646455628165,38.24471705422126,68,91.182303000096,9720.59311157721,87.29646455628165,38.24471705422126,68,False,765
001_081.npz,184.94637000003422,7778.892277161504,70.56854249492379,27.758262378063822,55,90.45802799937519,7778.892277161504,70.56854249492379,27.758262378063822,55,False,761
001_083.npz,162.26852700037853,9411.751669922516,74.22539674441619,28.991962928199992,57,87.59494500009168,9411.751669922516,74.22539674441619,28.991962928199992,57,False,574
001_084.npz,130.32653699974617,8729.064236974884,75.39696961967,30.225663478336163,59,66.80488799975137,8729.064236974884,75.39696961967,30.225663478336163,59,False,651
001_086.npz,146.79478600010043,7714.663983582782,64.49747468305833,24.05716072765531,51,100.34790999998222,7714.663983582782,64.49747468305833,24.05716072765531,51,False,720
001_087.npz,169.11066400007257,9423.469272797704,84.63961030678928,30.22566347833616,67,262.20604600075603,9423.469272797704,84.63961030678928,30.22566347833616,67,True,741
001_089.npz,135.22866199946293,7448.596095808128,67.42640687119285,27.758262378063822,56,73.21361300000717,7448.596095808128,67.42640687119285,27.758262378063822,56,False,601
001_090.npz,126.038996000716,6500.692380080071,66.32590180780451,25.907711552859567,52,61.39821599936113,7314.78403889279,66.91168824543142,28.375112653131904,53,False,604
001_091.npz,204.61984800022037,8936.604754743938,81.22539674441617,30.842513753404244,64,101.88988600020821,8956.131334617543,81.22539674441617,28.375112653131907,64,False,961
001_092.npz,151.67939599996316,9614.675860568468,76.08326112068522,21.58975962738297,63,162.3273489994972,9614.675860568468,76.08326112068522,21.58975962738297,63,True,25
001_093.npz,197.54524400013906,9497.947077115012,69.32590180780451,27.141412102995734,55,71.75126499987527,9497.947077115012,69.32590180780451,27.141412102995734,55,False,644
001_094.npz,135.85181700000248,9889.410806636633,94.95331880577405,49.34802200544679,74,163.03020099894638,9889.410806636633,94.95331880577405,49.34802200544679,74,True,231
001_096.npz,141.79801699992822,7900.859760383939,65.84062043356595,14.804406601634039,54,75.76401799997257,7900.859760383939,65.84062043356595,14.804406601634039,54,False,790
001_097.npz,169.38251400006266,8839.796189290217,69.5685424949238,33.309914853676574,54,96.89773700029036,8839.796189290217,69.5685424949238,33.309914853676574,54,False,623
001_099.npz,164.19186900020577,9443.507682123744,69.7401153701776,25.290861277791482,55,76.8817999987732,9443.507682123744,69.7401153701776,25.290861277791482,55,False,593
002_000.npz,118.13734799943632,9087.382618983922,79.1543289325507,26.524561827927652,64,78.12030999957642,9087.382618983922,79.1543289325507,26.524561827927652,64,False,764
002_001.npz,103.52578199945128,6733.701464054559,54.76955262170046,17.88865797697446,45,69.94274800035782,6733.701464054559,54.76955262170046,17.88865797697446,45,False,533
002_004.npz,135.7420579997779,8448.398731704725,74.08326112068522,20.3560590772468,61,71.97344999985944,8448.398731704725,74.08326112068522,20.3560590772468,61,False,680
002_006.npz,163.7612469994565,9526.526267505262,89.5685424949238,37.01101650408509,74,202.60655199945177,9526.526267505262,89.5685424949238,37.01101650408509,74,True,263
002_007.npz,175.04379699948913,8784.92685814194,65.08326112068522,22.206609902451056,52,192.65344600080425,8784.92685814194,65.08326112068522,22.206609902451056,52,True,229
002_008.npz,183.57757600006153,8004.945385267889,66.32590180780451,25.290861277791482,52,93.36310899925593,8004.945385267889,66.32590180780451,25.290861277791482,52,False,741
002_010.npz,113.3754599995882,9587.365320749714,77.1543289325507,24.05716072765531,62,48.29337800038047,9859.276217586392,71.74011537017762,19.12235852711063,57,False,450
002_012.npz,172.19396700056677,9608.406916807553,75.7401153701776,26.524561827927656,61,85.94727700074145,9608.406916807553,75.7401153701776,26.524561827927656,61,False,556
002_015.npz,123.08681400008936,8168.481860215686,64.66904755831213,21.58975962738297,52,61.47840700123197,8168.481860215686,64.66904755831213,21.58975962738297,52,False,475
002_016.npz,168.6065129997587,9788.391835019513,75.9827560572969,32.07621430354041,60,83.70201100024133,9788.391835019513,75.9827560572969,32.07621430354041,60,False,628
002_018.npz,97.60327100048016,7872.04208490071,59.66904755831212,19.739208802178716,47,49.23840400078916,7872.04208490071,59.66904755831212,19.739208802178716,47,False,485
002_019.npz,101.68590399916866,7478.585610466363,66.49747468305831,32.07621430354041,53,57.36702800004423,7478.585610466363,66.49747468305831,32.07621430354041,53,False,586
002_021.npz,102.80105499987258,9170.114306896996,74.8111831820431,35.16046567888084,58,91.98071900027571,9170.114306896996,74.8111831820431,35.16046567888084,58,False,538
002_024.npz,75.33423400036554,8391.186584114152,69.66904755831214,30.842513753404244,57,49.13824900086183,8416.450517515106,68.25483399593902,27.141412102995737,56,False,479
002_026.npz,164.7286420002274,8548.87505218234,66.49747468305831,33.92676512874466,53,92.86587000042346,8548.87505218234,66.49747468305831,33.92676512874466,53,False,698
002_027.npz,116.46743199980847,9633.96019821281,69.3259018078045,30.225663478336163,55,53.63425500036101,9633.96019821281,69.3259018078045,30.225663478336163,55,False,512
002_031.npz,132.61219800006074,8664.698983498176,78.91168824543142,24.674011002723397,65,169.9642039993705,8664.698983498176,78.91168824543142,24.674011002723397,65,True,94
002_037.npz,126.89289199988707,9663.313396629412,81.22539674441616,30.22566347833616,64,84.9442539993106,9663.313396629412,81.22539674441616,30.22566347833616,64,False,855
002_040.npz,172.17108700060635,9568.948399169285,73.66904755831213,32.07621430354041,61,69.35445399994933,9568.948399169285,73.66904755831213,32.07621430354041,61,False,565
002_041.npz,121.74848199992994,8844.424521612791,79.81118318204307,35.77731595394893,63,64.10285199945065,9126.790492911396,79.81118318204307,35.77731595394893,63,False,649
002_042.npz,123.68294099997001,8852.897532039015,73.5685424949238,30.22566347833616,58,65.87758300065616,8852.897532039015,73.5685424949238,30.22566347833616,58,False,660
002_044.npz,173.44318600044062,9684.631621388307,78.46803743153546,33.30991485367659,60,226.5177479994236,9684.631621388307,78.46803743153546,33.30991485367659,60,True,236
002_046.npz,207.66923800056247,9926.940890547472,86.46803743153546,38.24471705422127,68,86.24119399974006,9964.428812884202,85.63961030678927,34.54361540381276,68,False,759
002_047.npz,128.49732599988783,6888.158668984812,57.597979746446654,21.58975962738297,47,59.63853699995525,6888.158668984812,57.597979746446654,21.58975962738297,47,False,549
002_052.npz,153.50430499984213,7824.6539008846,63.25483399593904,36.39416622901701,51,64.27678799991554,7824.6539008846,63.25483399593904,36.39416622901701,51,False,645
002_054.npz,127.22663200020179,8562.255499214418,73.9116882454314,30.22566347833616,60,95.22344400011207,8562.255499214418,73.9116882454314,30.22566347833616,60,False,680
002_055.npz,176.14290799974697,8285.075705242376,70.1543289325507,25.907711552859563,55,119.75449499914248,8285.075705242376,70.1543289325507,25.907711552859563,55,False,690
002_056.npz,140.74094999978115,7761.1366059520415,66.49747468305831,23.440310452587227,53,64.18705099986255,7920.3497787445585,67.32590180780451,25.907711552859567,53,False,621
002_057.npz,170.88830699958635,7172.44222153328,67.08326112068522,22.82346017751914,54,82.90892700006225,7172.44222153328,67.08326112068522,22.82346017751914,54,False,744
002_059.npz,125.42642799962778,7178.5505361912365,61.1543289325507,24.674011002723397,46,48.12317100004293,7178.5505361912365,61.1543289325507,24.674011002723397,46,False,461
002_060.npz,186.0802479995982,8420.672530163756,75.63961030678928,26.52456182792765,58,109.1270250008165,8602.419948124832,74.81118318204308,24.057160727655308,58,False,664
002_062.npz,159.61927700027445,7920.222543386856,69.32590180780451,37.627866779153166,55,239.4959570001447,7920.222543386856,69.32590180780451,37.627866779153166,55,True,373
002_063.npz,157.42804299952695,7419.181767463835,66.1543289325507,25.907711552859567,51,57.78036400079145,7419.181767463835,66.1543289325507,25.907711552859567,51,False,554
002_065.npz,112.90293299953191,6965.440341505179,58.426406871192846,19.12235852711063,47,105.2438369997617,6965.440341505179,58.426406871192846,19.12235852711063,47,False,649
002_067.npz,180.98560799990082,8564.020202690086,76.39696961966999,30.842513753404248,60,113.77113599974109,8564.020202690086,76.39696961966999,30.842513753404248,60,False,751
002_071.npz,192.08831900050427,6679.868318114686,56.769552621700456,14.187556326565954,47,72.85713199962629,6679.868318114686,56.769552621700456,14.187556326565954,47,False,631
002_073.npz,172.22908300027484,8416.053330331686,62.49747468305833,7.4022033008170185,49,78.45862099929946,8416.053330331686,62.49747468305833,7.4022033008170185,49,False,703
002_076.npz,177.5961470002585,8823.905209973103,65.49747468305833,22.206609902451056,52,213.37921699978324,8823.905209973103,65.49747468305833,22.206609902451056,52,True,169
002_077.npz,136.9570789993304,6660.125069632573,59.76955262170047,30.84251375340424,50,63.577143998372776,6660.125069632573,59.76955262170047,30.84251375340424,50,False,587
002_078.npz,192.8473110001505,7976.054986609882,72.84062043356595,26.524561827927652,61,62.54322999939177,7976.054986609882,72.84062043356595,26.524561827927652,61,False,610
002_080.npz,181.22842400043737,9669.594784417246,78.1543289325507,27.141412102995734,63,106.89233700122713,9669.594784417246,78.1543289325507,27.141412102995734,63,False,782
002_084.npz,134.96411600044667,8637.286715318103,65.49747468305831,35.77731595394892,52,54.84663599963824,8637.286715318103,65.49747468305831,35.77731595394892,52,False,533
002_086.npz,140.34786699994584,6673.869693236105,61.59797974644666,16.65495742683829,51,131.5383869996367,6673.869693236105,61.59797974644666,16.65495742683829,51,False,899
002_087.npz,100.98574599942367,6950.084189385558,64.08326112068522,23.440310452587227,51,58.979416000511264,6950.084189385558,64.08326112068522,23.440310452587227,51,False,595
002_088.npz,159.51108199988084,8677.58274935975,75.39696961966999,27.141412102995737,59,81.25224300056288,8677.58274935975,75.39696961966999,27.141412102995737,59,False,489
002_092.npz,162.83664000002318,8964.721130489752,81.15432893255071,33.92676512874467,66,218.2475700001305,8964.721130489752,81.15432893255071,33.92676512874467,66,True,154
002_093.npz,129.27934399976948,9466.52922028202,77.1543289325507,30.842513753404248,62,55.30025499956537,9997.43901430395,77.7401153701776,32.07621430354042,63,False,450
002_094.npz,69.19798499984608,7506.156212588187,61.840620433565945,28.991962928199992,50,88.89743299914699,7506.156212588187,61.840620433565945,28.991962928199992,50,True,170
002_095.npz,193.35713800046506,9218.81810748931,75.1543289325507,30.842513753404244,60,221.23308099980932,9218.81810748931,75.1543289325507,30.842513753404244,60,True,155
002_096.npz,182.13030900005833,9245.322490134022,85.39696961966999,27.75826237806382,69,282.74263399998745,9245.322490134022,85.39696961966999,27.75826237806382,69,True,644
003_000.npz,126.06572300046537,7459.837012542732,66.49747468305833,20.3560590772468,53,168.5255540005528,7459.837012542732,66.49747468305833,20.3560590772468,53,True,513
003_004.npz,201.74032100021577,8158.233451140186,69.08326112068521,27.758262378063822,56,108.2029799990778,8158.233451140186,69.08326112068521,27.758262378063822,56,False,884
003_005.npz,153.3874709994052,9668.004838251969,84.22539674441619,33.30991485367658,67,89.1272979997666,9668.004838251969,84.22539674441619,33.30991485367658,67,False,760
003_007.npz,146.51532599964412,9350.2473061673,74.74011537017762,24.05716072765531,60,74.31832000020222,9350.2473061673,74.74011537017762,24.05716072765531,60,False,688
003_009.npz,154.62428299997555,9941.290310179642,82.5685424949238,28.3751126531319,67,227.736377999463,9941.290310179642,82.5685424949238,28.3751126531319,67,True,313
003_011.npz,147.75940199979232,8810.639187340688,70.49747468305833,31.45936402847233,57,66.40400699961901,8810.639187340688,70.49747468305833,31.45936402847233,57,False,569
003_012.npz,127.78725600037433,8704.59017465801,71.91168824543142,23.440310452587227,58,64.16640799943707,8704.59017465801,71.91168824543142,23.440310452587227,58,False,587
003_020.npz,165.90656100015622,9104.225134306249,77.39696961966999,30.225663478336163,61,79.64560300024459,9104.225134306249,77.39696961966999,30.225663478336163,61,False,654
003_021.npz,227.70221199971274,9409.666914921048,82.9827560572969,18.505508252042546,67,290.38575699996727,9409.666914921048,82.9827560572969,18.505508252042546,67,True,519
003_022.npz,162.43479600052524,8132.855457071546,68.49747468305831,25.29086127779148,55,222.31107700099528,8132.855457071546,68.49747468305831,25.29086127779148,55,True,263
003_023.npz,139.3760310002108,9071.515339216967,76.22539674441619,24.674011002723397,59,72.43659799951274,9071.515339216967,76.22539674441619,24.674011002723397,59,False,671
003_025.npz,139.11062699935428,8871.266957379607,77.56854249492379,30.842513753404244,62,149.48477799953253,8871.266957379607,77.56854249492379,30.842513753404244,62,True,55
003_026.npz,184.52232600066054,9371.0822857419,79.63961030678928,32.07621430354042,62,87.91497199945297,9589.087775995918,79.63961030678927,29.608813203268074,62,False,764
003_030.npz,194.20970099963597,9731.392819116354,80.63961030678927,31.459364028472333,63,212.32630999929825,9731.392819116354,80.63961030678927,31.459364028472333,63,True,212
003_032.npz,193.70073400023102,8258.659568322642,68.49747468305831,17.88865797697446,55,110.91131099965423,8258.659568322642,68.49747468305831,17.88865797697446,55,False,923
003_033.npz,155.30003599997144,6720.987288985714,63.91168824543142,22.206609902451056,50,83.68695400076831,6720.987288985714,63.91168824543142,22.206609902451056,50,False,667
003_036.npz,181.33158100044966,9126.874136089655,89.22539674441619,37.01101650408508,72,87.04411100006837,9126.874136089655,89.22539674441619,37.01101650408508,72,False,719
003_037.npz,179.86632200063468,8641.515548123849,70.3259018078045,32.69306457860849,56,298.4383749999324,8641.515548123849,70.3259018078045,32.69306457860849,56,True,852
003_042.npz,138.3521309999196,9446.90052878331,67.91168824543142,31.45936402847233,54,159.33925100034685,9446.90052878331,67.91168824543142,31.45936402847233,54,True,144
003_045.npz,207.94173299964314,9560.379668418069,75.15432893255071,34.54361540381275,60,282.3916419993111,9560.379668418069,75.15432893255071,34.54361540381275,60,True,472
003_046.npz,118.80525700053113,8891.974244419485,72.98275605729691,27.141412102995737,57,68.78056400000787,8891.974244419485,72.98275605729691,27.141412102995737,57,False,693
003_047.npz,186.55523800043738,8906.461298298593,76.98275605729688,24.674011002723397,61,256.93738300014957,8906.461298298593,76.98275605729688,24.674011002723397,61,True,499
003_048.npz,168.14930500004266,9669.31320976633,82.91168824543142,28.991962928199992,69,219.9701939998704,9669.31320976633,82.91168824543142,28.991962928199992,69,True,125
003_049.npz,79.31412699963403,8886.951723842494,65.5685424949238,20.972909352314886,50,106.88963800021156,8886.951723842494,65.5685424949238,20.972909352314886,50,True,215
003_054.npz,174.7649349999847,8469.414709058934,61.66904755831213,20.972909352314886,49,99.0683079999144,8469.414709058934,61.66904755831213,20.972909352314886,49,False,628
003_060.npz,113.31563499970798,5676.542748218892,60.083261120685215,22.823460177519138,47,83.70212899990292,5676.542748218892,60.083261120685215,22.823460177519138,47,False,799
003_062.npz,171.80859899963252,8022.399848128475,71.98275605729688,19.739208802178716,56,76.11126299889293,8022.399848128475,71.98275605729688,19.739208802178716,56,False,601
003_064.npz,110.1411570007258,6347.463425871265,62.083261120685236,34.54361540381275,49,62.03404200005025,6347.463425871265,62.083261120685236,34.54361540381275,49,False,471
003_065.npz,174.9813129999893,8269.697406168807,74.91168824543142,23.440310452587227,61,86.91715899931296,8269.697406168807,74.91168824543142,23.440310452587227,61,False,759
003_067.npz,127.21912000051816,8927.779949680738,72.5685424949238,22.823460177519145,57,74.68067199988582,8927.779949680738,72.5685424949238,22.823460177519145,57,False,718
003_068.npz,222.2138779998204,8937.144900904761,75.1543289325507,28.375112653131904,60,96.80511300030048,8937.144900904761,75.1543289325507,28.375112653131904,60,False,787
003_070.npz,166.51688499950978,7468.680019169749,61.94112549695427,16.65495742683829,53,123.66171099984058,7586.495337312604,61.35533905932737,20.3560590772468,52,False,788
003_071.npz,187.1847610000259,9829.269603987628,84.12489168102783,27.141412102995737,64,279.38624000034906,9829.269603987628,84.12489168102783,27.141412102995737,64,True,692
003_072.npz,162.03382499952568,8999.314989325661,82.63961030678928,41.945818704629765,65,87.12191199992958,8999.314989325661,82.63961030678928,41.945818704629765,65,False,709
003_074.npz,194.11254199985706,9981.47973179689,87.53910524340094,38.24471705422126,67,94.23908900043898,9982.243985209645,86.71067811865476,33.30991485367658,67,False,733
003_077.npz,190.12165299955086,8949.497503944844,67.66904755831213,26.524561827927652,55,93.31594299965218,8949.497503944844,67.66904755831213,26.524561827927652,55,False,634
003_078.npz,159.708469999714,9048.340865000002,77.22539674441619,19.73920880217872,60,82.05251399976987,9048.340865000002,77.22539674441619,19.73920880217872,60,False,683
003_079.npz,216.98471999934554,9991.96729849204,86.7401153701776,35.777315953948914,72,255.6828979995771,9991.96729849204,86.7401153701776,35.777315953948914,72,True,131
003_080.npz,91.62224899955618,6850.933585942352,63.18376618407356,25.290861277791482,53,59.26259299940284,7291.271930325442,60.35533905932736,26.52456182792765,51,False,548
003_082.npz,130.28018199929647,9343.653281556217,83.22539674441619,24.674011002723393,66,79.69124800001737,9454.712277548482,82.63961030678928,23.440310452587227,65,False,711
003_083.npz,114.91209299947514,8185.208390739353,69.1543289325507,29.608813203268074,54,53.08605699974578,8185.208390739353,69.1543289325507,29.608813203268074,54,False,518
003_085.npz,170.73753600016062,8085.418795880112,69.7401153701776,20.972909352314886,55,99.71709199999168,8085.418795880112,69.7401153701776,20.972909352314886,55,False,735
003_087.npz,151.1154700001498,7795.642703706808,66.49747468305831,15.42125687670212,53,166.59142899970902,7795.642703706808,66.49747468305831,15.42125687670212,53,True,235
003_088.npz,171.2790520005001,8702.785398181886,69.1543289325507,41.94581870462977,54,93.14475499922992,8785.197882307357,71.1543289325507,27.758262378063822,56,False,672
003_089.npz,181.99268900025345,8864.338212788438,82.05382386916236,29.608813203268074,64,71.09918800051673,8864.338212788438,82.05382386916236,29.608813203268074,64,False,569
003_090.npz,184.89275200045086,9848.993605853253,85.63961030678928,29.608813203268078,68,100.1063889998477,9848.993605853253,85.63961030678928,29.608813203268078,68,False,692
003_091.npz,92.60751399961009,9484.180103959567,82.9827560572969,46.263770630106364,67,46.530470000107016,9484.180103959567,82.9827560572969,46.263770630106364,67,False,442
003_092.npz,134.3124009999883,9024.831330030966,75.9116882454314,23.440310452587223,62,218.83733600043342,9024.831330030966,75.9116882454314,23.440310452587223,62,True,663
003_096.npz,139.46293499975582,7802.005548558924,62.25483399593904,32.07621430354042,50,62.73100299949874,7802.005548558924,62.25483399593904,32.07621430354042,50,False,569
003_097.npz,191.40511599925958,8651.146522911327,79.05382386916236,31.45936402847233,61,98.77380400030233,8651.146522911327,79.05382386916236,31.45936402847233,61,False,833
003_098.npz,140.54219399986323,8599.236487429187,73.98275605729691,30.22566347833616,58,75.3581530007068,8599.236487429187,73.98275605729691,30.22566347833616,58,False,733
003_099.npz,193.31574500029092,8023.705120477839,64.91168824543142,20.3560590772468,51,257.2543679998489,8023.705120477839,64.91168824543142,20.3560590772468,51,True,400
004_001.npz,116.9589779992748,7533.058079303958,70.3259018078045,38.86156732928934,56,137.98597599998175,7533.058079303958,70.3259018078045,38.86156732928934,56,True,242
004_002.npz,169.07385000013164,9036.498912435036,69.9116882454314,23.440310452587227,56,113.54777500037017,9036.498912435036,69.9116882454314,23.440310452587227,56,False,749
004_003.npz,172.17526900003577,9199.55446980472,70.08326112068522,33.92676512874466,57,87.53156399961881,9199.55446980472,70.08326112068522,33.92676512874466,57,False,544
004_006.npz,137.0615630003158,9710.903269429404,79.22539674441617,25.907711552859563,62,177.1097170003486,9710.903269429404,79.22539674441617,25.907711552859563,62,True,456
004_009.npz,189.69365800057858,9939.872197557546,78.3259018078045,25.907711552859567,64,118.85250600062136,9939.872197557546,78.3259018078045,25.907711552859567,64,False,643
004_012.npz,204.50241900016408,9800.826472275401,89.53910524340095,30.225663478336163,69,254.71684399963124,9800.826472275401,89.53910524340095,30.225663478336163,69,True,323
004_013.npz,177.27738699977635,9032.275592093161,88.22539674441617,40.712118154493595,71,101.14935100045841,9206.354873113662,85.39696961966999,35.777315953948914,69,False,810
004_015.npz,112.39553700033866,7802.105018764895,67.9116882454314,26.524561827927652,54,57.38525099968683,7802.105018764895,67.9116882454314,26.524561827927652,54,False,541
004_016.npz,154.7510020000118,8453.512245231048,79.22539674441617,28.375112653131904,62,167.65519099953963,8453.512245231048,79.22539674441617,28.375112653131904,62,True,90
004_017.npz,157.25787799965474,8054.746367623981,65.91168824543142,14.187556326565952,52,95.12376299971947,8054.746367623981,65.91168824543142,14.187556326565952,52,False,733
004_020.npz,197.30065600015223,9909.973082728626,83.39696961966999,30.22566347833616,67,93.44031600085145,9921.273504191451,81.9827560572969,28.99196292819999,66,False,724
004_021.npz,59.86896499962313,6427.116286290555,53.35533905932737,12.337005501361698,44,90.46935500009567,6427.116286290555,53.35533905932737,12.337005501361698,44,True,307
004_022.npz,177.45126000045275,8779.552299473498,70.3259018078045,23.440310452587227,56,87.45471800011728,8779.552299473498,70.3259018078045,23.440310452587227,56,False,774
004_023.npz,137.05993900020985,7396.356615247241,69.7401153701776,25.907711552859567,55,90.86335599931772,7396.356615247241,69.7401153701776,25.907711552859567,55,False,925
004_025.npz,168.5125940002763,9934.8456148791,80.15432893255071,28.991962928199992,65,90.27955100009422,9934.8456148791,80.15432893255071,28.991962928199992,65,False,633
004_026.npz,198.39185100045142,9314.14457798334,71.39696961966999,17.271807701906376,55,84.16791099989496,9314.14457798334,71.39696961966999,17.271807701906376,55,False,770
004_027.npz,154.85334700042586,7811.581029353308,70.91168824543144,19.12235852711063,57,61.797666000529716,7811.581029353308,70.91168824543144,19.12235852711063,57,False,632
004_029.npz,126.50956400011637,9695.833310398959,75.32590180780451,40.095267879425506,61,164.03237100075785,9695.833310398959,75.32590180780451,40.095267879425506,61,True,285
004_030.npz,188.53456099986943,8763.705934991456,66.66904755831213,26.52456182792765,54,129.0049059989542,8763.705934991456,66.66904755831213,26.52456182792765,54,False,858
004_031.npz,181.1697440007265,9857.593518280491,79.81118318204308,35.16046567888084,63,265.5493810007101,9857.593518280491,79.81118318204308,35.16046567888084,63,True,465
004_032.npz,99.89367999969545,9920.071163900877,69.66904755831214,23.440310452587223,57,60.24426499971014,9920.071163900877,69.66904755831214,23.440310452587223,57,False,486
004_034.npz,164.82853700017586,8475.222624325686,73.32590180780451,28.375112653131904,59,224.84741900098015,8475.222624325686,73.32590180780451,28.375112653131904,59,True,258
004_035.npz,121.42797700016672,7963.418177263944,71.25483399593904,28.99196292819999,59,72.70928100024321,7963.418177263944,71.25483399593904,28.99196292819999,59,False,669
004_040.npz,170.78623100042023,9431.249673945362,83.39696961966999,35.16046567888083,67,100.61603600024682,9431.249673945362,83.39696961966999,35.16046567888083,67,False,646
004_042.npz,187.4661500005459,9886.71332057831,84.46803743153548,30.842513753404244,66,281.0847080008898,9886.71332057831,84.46803743153548,30.842513753404244,66,True,555
004_043.npz,139.3604390004839,8102.658625985111,75.49747468305833,29.608813203268078,62,58.445599001061055,8102.658625985111,75.49747468305833,29.608813203268078,62,False,573
004_045.npz,228.86552799991478,8945.770400396186,73.9116882454314,35.77731595394892,60,93.02958599982958,8945.770400396186,73.9116882454314,35.77731595394892,60,False,821
004_048.npz,138.9672019995487,9525.860153275677,79.56854249492379,27.75826237806382,64,80.7694260001881,9525.860153275677,79.56854249492379,27.75826237806382,64,False,776
004_050.npz,106.36079800042353,7781.274877377934,68.49747468305831,28.991962928199992,55,126.33992999963084,7781.274877377934,68.49747468305831,28.991962928199992,55,True,82
004_051.npz,137.25668099959876,7666.267284105452,67.25483399593904,25.290861277791482,55,72.96159900033672,8815.641516600686,70.32590180780451,25.29086127779148,56,False,740
004_052.npz,169.5708340002966,7571.282783613177,70.08326112068522,27.758262378063822,57,84.00548800000252,7571.282783613177,70.08326112068522,27.758262378063822,57,False,679
004_053.npz,174.53869200016925,7313.9230486650085,63.08326112068522,8.635903850953188,50,107.79876099968533,7313.9230486650085,63.08326112068522,8.635903850953188,50,False,810
004_055.npz,169.57247699974687,7879.297869768559,63.74011537017761,17.88865797697446,49,282.6750349995564,7879.297869768559,63.74011537017761,17.88865797697446,49,True,645
004_058.npz,154.79453799980547,9249.981474978984,77.5685424949238,32.69306457860849,62,82.00682299957407,9249.981474978984,77.5685424949238,32.69306457860849,62,False,705
004_059.npz,97.75369700037118,6229.497143656628,65.08326112068522,37.62786677915317,52,42.932635999932245,6374.566722982944,65.08326112068522,38.86156732928935,52,False,400
004_061.npz,176.68545200012886,9057.496882879372,90.53910524340095,37.62786677915317,70,238.01024300064455,9057.496882879372,90.53910524340095,37.62786677915317,70,True,590
004_063.npz,171.586517999458,9044.877765450083,69.49747468305831,22.206609902451056,56,115.95954800031905,9044.877765450083,69.49747468305831,22.206609902451056,56,False,783
004_065.npz,92.27051600009872,7414.948222287032,66.25483399593902,22.82346017751914,54,62.247335999018105,7414.948222287032,66.25483399593902,22.82346017751914,54,False,572
004_066.npz,173.93606200039358,8235.31611824669,61.66904755831213,33.926765128744655,49,71.45878200026345,8432.553687923875,61.66904755831213,27.75826237806382,49,False,534
004_070.npz,155.69567700003972,8837.671707969499,71.22539674441617,30.22566347833616,54,98.77218699966761,8837.671707969499,71.22539674441617,30.22566347833616,54,False,629
004_071.npz,138.04034399981902,9313.941873380287,80.05382386916237,32.69306457860849,62,58.228324000083376,9487.492620692996,77.8111831820431,35.160465678880826,61,False,593
004_072.npz,132.62757200027409,7976.251434780874,61.59797974644666,14.187556326565952,51,78.7160939999012,7976.251434780874,61.59797974644666,14.187556326565952,51,False,598
004_080.npz,101.94221799974912,7745.084887049662,73.49747468305833,25.907711552859563,60,72.1054549994733,7745.084887049662,73.49747468305833,25.907711552859563,60,False,701
004_084.npz,199.80107900028088,9974.808016827077,81.63961030678927,27.141412102995737,64,87.10022700051923,9974.808016827077,81.63961030678927,27.141412102995737,64,False,683
004_085.npz,168.6349940000582,9738.218611315753,78.22539674441617,28.99196292819999,61,247.88450999949418,9738.218611315753,78.22539674441617,28.99196292819999,61,True,165
004_087.npz,177.2902040002009,8913.470668957976,66.25483399593902,27.141412102995737,54,78.77146199916751,8913.470668957976,66.25483399593902,27.141412102995737,54,False,626
004_089.npz,122.61758400018152,7404.53223286363,70.66904755831214,29.608813203268074,58,61.568819000058284,7404.53223286363,70.66904755831214,29.608813203268074,58,False,599
004_090.npz,120.93155599995953,8392.921837823806,70.66904755831213,25.290861277791482,58,91.13424799943459,8392.921837823806,70.66904755831213,25.290861277791482,58,False,709
004_095.npz,132.67114500013122,6978.614851850633,55.84062043356594,20.972909352314886,44,54.36194699996122,6978.614851850633,55.84062043356594,20.972909352314886,44,False,532
004_096.npz,127.58666199988511,7208.395731742044,68.08326112068522,30.22566347833616,55,79.94735600004788,7208.395731742044,68.08326112068522,30.22566347833616,55,False,618
004_099.npz,119.74076700062142,8041.837049637164,64.66904755831213,33.92676512874466,52,59.79532099991047,8041.837049637164,64.66904755831213,33.92676512874466,52,False,571
005_000.npz,90.8538760004376,6926.149053086507,60.740115370177605,18.505508252042546,46,59.674405000805564,6926.149053086507,60.740115370177605,18.505508252042546,46,False,535
005_002.npz,125.06268900051509,8523.075542443412,75.5685424949238,30.842513753404244,60,81.79917500001466,8540.98740690779,70.9827560572969,23.440310452587223,55,False,669
005_003.npz,151.91505799975857,8299.92976959268,79.39696961966999,35.16046567888083,63,188.0283979990054,8299.92976959268,79.39696961966999,35.16046567888083,63,True,96
005_006.npz,131.89349200001743,8633.506474310483,82.12489168102783,27.141412102995734,62,79.97485600026266,8633.506474310483,82.12489168102783,27.141412102995734,62,False,718
005_008.npz,147.04815500044788,8127.319268198873,65.66904755831213,26.524561827927652,53,54.12544600039837,8293.435948458318,74.7401153701776,32.69306457860849,60,False,530
005_010.npz,143.72986599937576,7310.204804444863,70.49747468305833,33.30991485367658,57,94.56667800077412,7310.204804444863,70.49747468305833,33.30991485367658,57,False,691
005_011.npz,111.9368569998187,8232.864704926327,66.08326112068524,34.54361540381275,53,51.8915749998996,8232.864704926327,66.08326112068524,34.54361540381275,53,False,523
005_012.npz,151.26879999934317,7670.644046247943,65.76955262170046,19.122358527110634,56,234.36287000004086,7670.644046247943,65.76955262170046,19.122358527110634,56,True,641
005_013.npz,169.22426199926122,9905.825586962317,74.22539674441619,22.206609902451056,57,80.17454099990573,9905.825586962317,74.22539674441619,22.206609902451056,57,False,377
005_014.npz,218.13665199988463,9739.08744939188,81.7401153701776,23.440310452587227,67,299.0854820000095,9739.08744939188,81.7401153701776,23.440310452587227,67,True,574
005_016.npz,131.6043400001945,9606.769308884328,81.05382386916237,28.375112653131904,63,78.58325699999114,9606.769308884328,81.05382386916237,28.375112653131904,63,False,679
005_018.npz,161.97370499958197,9738.73244528243,71.08326112068522,21.58975962738297,58,68.95135700051469,9738.73244528243,71.08326112068522,21.58975962738297,58,False,635
005_019.npz,134.7104340002261,8001.658531822232,69.9116882454314,16.038107151770205,56,75.84213099926274,8001.658531822232,69.9116882454314,16.038107151770205,56,False,695
005_021.npz,170.67847500038624,8955.211972513243,66.32590180780451,18.505508252042546,52,97.56746000039129,8955.211972513243,66.32590180780451,18.505508252042546,52,False,626
005_026.npz,163.84205800022755,7326.990665254881,65.25483399593904,28.375112653131907,53,129.19770700045774,7326.990665254881,65.25483399593904,28.375112653131907,53,False,916
005_027.npz,109.56886399981158,7960.614357320222,63.08326112068523,22.82346017751914,50,55.592863000129,7960.614357320222,63.08326112068523,22.82346017751914,50,False,513
005_028.npz,216.13044700006867,8762.336529658503,68.7401153701776,26.524561827927652,54,253.52016299984825,8762.336529658503,68.7401153701776,26.524561827927652,54,True,514
005_030.npz,194.02638700012176,9733.277019284997,87.22539674441617,25.907711552859567,70,270.39532299932034,9733.277019284997,87.22539674441617,25.907711552859567,70,True,623
005_032.npz,148.23249199980637,7434.720102047776,65.66904755831213,23.440310452587223,53,74.26885699987906,7434.720102047776,65.66904755831213,23.440310452587223,53,False,626
005_033.npz,123.78075099968555,8660.962485055734,70.32590180780451,31.459364028472333,56,150.4584150006849,8660.962485055734,70.32590180780451,31.459364028472333,56,True,165
005_035.npz,150.46726699983992,7760.484052162666,70.3259018078045,30.842513753404248,56,64.57446199965489,7760.484052162666,70.3259018078045,30.842513753404248,56,False,605
005_038.npz,189.41030800033332,9672.698740695489,85.05382386916237,35.77731595394893,67,73.7766530000954,9672.698740695489,85.05382386916237,35.77731595394893,67,False,754
005_040.npz,196.50501500018436,9161.021571937532,77.1543289325507,33.30991485367658,62,84.30867699917144,9161.021571937532,77.1543289325507,33.30991485367658,62,False,713
005_041.npz,170.8140810005716,9539.739962469024,79.39696961966997,28.99196292819999,63,99.86554500028433,9539.739962469024,79.39696961966997,28.99196292819999,63,False,688
005_043.npz,193.3238789997631,8524.846474708067,79.05382386916237,33.30991485367658,61,119.11902100018779,8565.930374195132,79.05382386916237,34.54361540381275,61,False,914
005_045.npz,115.41856699932396,9833.880584340191,72.5685424949238,20.972909352314886,57,63.05965100091271,9833.880584340191,72.5685424949238,20.972909352314886,57,False,595
005_046.npz,104.73307099982776,8447.12474275785,60.01219330881976,22.206609902451056,49,151.9624559996373,8447.12474275785,60.01219330881976,22.206609902451056,49,True,130
005_047.npz,171.88206300033926,7309.919453486507,65.74011537017762,20.972909352314886,51,103.11340499993094,7309.919453486507,65.74011537017762,20.972909352314886,51,False,680
005_050.npz,143.01129300019966,8483.953930113821,75.9827560572969,19.739208802178716,60,63.44128999990062,8483.953930113821,75.9827560572969,19.739208802178716,60,False,585
005_056.npz,145.20246399933967,8917.678968079257,78.56854249492379,23.440310452587227,63,77.35865900031058,8918.027245605273,77.7401153701776,23.440310452587227,63,False,571
005_058.npz,164.9466979997669,7610.182598284181,67.25483399593904,22.82346017751914,55,84.28920900041703,7610.182598284181,67.25483399593904,22.82346017751914,55,False,823
005_060.npz,161.35363900048105,8388.045986646732,78.98275605729688,38.861567329289336,63,77.8594229996088,8388.045986646732,78.98275605729688,38.861567329289336,63,False,638
005_062.npz,160.08758199950535,8748.316886007822,69.3259018078045,24.05716072765531,55,106.06005000045116,8748.316886007822,69.3259018078045,24.05716072765531,55,False,682
005_066.npz,124.69916800000647,7608.712539371792,56.25483399593904,22.206609902451053,44,86.67412399972818,7608.712539371792,56.25483399593904,22.206609902451053,44,False,762
005_067.npz,120.28518799979793,8778.680523253837,70.81118318204307,28.99196292819999,54,171.77335299948027,8778.680523253837,70.81118318204307,28.99196292819999,54,True,289
005_069.npz,156.39877400008118,8793.667489646925,76.9827560572969,41.328968429561684,61,61.88173400096275,9210.397136319902,74.9827560572969,33.30991485367658,59,False,540
005_070.npz,124.3566989996907,7651.581859715786,59.25483399593902,20.3560590772468,47,37.86231200047041,7853.125157436041,60.66904755831212,16.65495742683829,48,False,381
005_073.npz,116.83909099974699,8546.966607534523,62.426406871192846,24.674011002723397,51,144.51802799976576,8546.966607534523,62.426406871192846,24.674011002723397,51,True,142
005_074.npz,185.9243980006795,7970.249938666343,65.84062043356595,17.271807701906376,54,261.424927999542,7970.249938666343,65.84062043356595,17.271807701906376,54,True,377
005_078.npz,203.1820259999222,9212.072150612781,82.15432893255071,30.842513753404244,67,97.93111599992699,9325.78458305334,74.1543289325507,21.58975962738297,59,False,731
005_079.npz,138.3210110006985,6992.265268174303,56.59797974644666,20.972909352314886,46,68.67375599995285,6992.265268174303,56.59797974644666,20.972909352314886,46,False,649
005_082.npz,163.71050399993692,9885.077680997332,73.49747468305833,24.05716072765531,60,74.8265789998186,9885.077680997332,73.49747468305833,24.05716072765531,60,False,606
005_083.npz,121.69467599960626,7101.725607332736,72.15432893255071,30.842513753404244,57,167.12764799922297,7101.725607332736,72.15432893255071,30.842513753404244,57,True,356
005_084.npz,188.2388150006591,8682.858817241347,77.98275605729688,29.608813203268074,62,109.43650999888632,8682.858817241347,77.98275605729688,29.608813203268074,62,False,883
005_085.npz,172.72237799988943,7962.562505552617,58.66904755831213,30.22566347833616,46,71.80147899998701,7962.562505552617,58.66904755831213,30.22566347833616,46,False,575
005_089.npz,167.7042060000531,7934.018615480285,63.08326112068523,21.58975962738297,50,102.74311499961186,7934.018615480285,63.08326112068523,21.58975962738297,50,False,668
005_090.npz,90.17984599995543,7718.420497800726,62.91168824543142,18.505508252042546,49,45.92355000022508,7718.420497800726,62.91168824543142,18.505508252042546,49,False,432
005_092.npz,200.639310999577,9040.657073379572,67.9116882454314,29.608813203268078,54,116.33269599951745,9040.657073379572,67.9116882454314,29.608813203268078,54,False,1095
005_097.npz,132.91960600054153,6829.078829279015,64.32590180780451,18.505508252042546,50,72.9358050002702,6829.078829279015,64.32590180780451,18.505508252042546,50,False,717
005_098.npz,179.14419600037945,8867.253785948813,78.9827560572969,33.92676512874466,63,107.03856999953132,8867.253785948813,78.9827560572969,33.92676512874466,63,False,708
006_000.npz,102.24820599978557,6156.810033249202,61.42640687119285,24.05716072765531,50,53.868824999881326,6156.810033249202,61.42640687119285,24.05716072765531,50,False,498
006_005.npz,185.15322500024922,9887.90369591395,82.8111831820431,20.972909352314886,66,213.25255500050844,9887.90369591395,82.8111831820431,20.972909352314886,66,True,174
006_006.npz,130.2090790004513,9044.406639170227,74.5685424949238,27.758262378063822,59,65.1763400010168,9044.406639170227,74.5685424949238,27.758262378063822,59,False,547
006_007.npz,152.34372100076143,8826.706749010502,61.66904755831214,28.99196292819999,49,59.65483500040136,8826.706749010502,61.66904755831214,28.99196292819999,49,False,581
006_008.npz,142.0737120006379,8122.923852372397,71.42640687119285,29.608813203268074,60,75.25713300037751,8122.923852372397,71.42640687119285,29.608813203268074,60,False,752
006_009.npz,154.5830949999072,9624.176134753632,79.98275605729688,28.99196292819999,64,212.075084999924,9624.176134753632,79.98275605729688,28.99196292819999,64,True,446
006_010.npz,168.8923120000254,8774.909185719427,68.9116882454314,24.05716072765531,55,73.27938999969774,8774.909185719427,68.9116882454314,24.05716072765531,55,False,580
006_013.npz,125.30426400007855,9416.349802849794,73.32590180780451,35.16046567888083,59,50.74502500065137,9661.2179752991,74.7401153701776,40.09526787942551,60,False,500
006_015.npz,144.4405160000315,9351.476552868273,79.39696961966997,34.543615403812744,63,213.07017100025405,9351.476552868273,79.39696961966997,34.543615403812744,63,True,398
006_016.npz,117.34123800033558,6827.099906374313,63.25483399593904,25.29086127779148,51,73.85602300018945,6827.099906374313,63.25483399593904,25.29086127779148,51,False,656
006_017.npz,151.10804599953553,7436.201978225232,70.3259018078045,33.309914853676574,56,58.08128300031967,7436.201978225232,70.3259018078045,33.309914853676574,56,False,585
006_018.npz,211.24046499971882,9759.295551644263,86.46803743153546,32.6930645786085,68,92.28631400037557,9759.295551644263,86.46803743153546,32.6930645786085,68,False,755
006_022.npz,74.20158300010371,8836.206503575777,69.32590180780451,32.07621430354042,55,49.94140999951924,8836.206503575777,69.32590180780451,32.07621430354042,55,False,458
006_024.npz,60.23568599994178,6760.534146224334,55.012193308819754,18.505508252042546,44,47.837585000706895,6760.534146224334,55.012193308819754,18.505508252042546,44,False,470
006_026.npz,159.6248870000636,7854.790691920348,69.9116882454314,24.05716072765531,56,61.00937699920905,7854.790691920348,69.9116882454314,24.05716072765531,56,False,604
006_028.npz,157.03729500000918,9383.477793780568,92.71067811865476,35.160465678880826,73,206.56517299903498,9383.477793780568,92.71067811865476,35.160465678880826,73,True,231
006_031.npz,105.97429300014483,8477.538831477841,70.1543289325507,28.991962928199992,55,64.89397400036978,8477.538831477841,70.1543289325507,28.991962928199992,55,False,505
006_033.npz,160.5475039996236,9285.488735736835,65.49747468305833,35.16046567888083,52,91.15367999947921,9285.488735736835,65.49747468305833,35.16046567888083,52,False,641
006_034.npz,116.24148800001421,8394.964622999642,65.08326112068522,27.75826237806382,52,135.01941499998793,8394.964622999642,65.08326112068522,27.75826237806382,52,True,159
006_036.npz,145.4233660006139,8046.260792418108,73.39696961966999,37.011016504085084,57,88.98333799970715,8046.260792418108,73.39696961966999,37.011016504085084,57,False,634
006_037.npz,164.315199000157,9345.969932369377,65.01219330881975,22.82346017751914,54,57.91391300044779,9345.969932369377,65.01219330881975,22.82346017751914,54,False,570
006_038.npz,162.56043599969416,8498.232613569193,74.49747468305831,33.92676512874466,61,237.0909080000274,8498.232613569193,74.49747468305831,33.92676512874466,61,True,608
006_039.npz,118.89557300037268,5838.299955184603,55.66904755831213,28.375112653131907,43,52.47650399996928,6135.730461676691,55.66904755831213,27.141412102995737,43,False,439
006_041.npz,107.33434600024339,6627.894657371582,61.66904755831214,25.29086127779148,49,63.90233199908835,6627.894657371582,61.66904755831214,25.29086127779148,49,False,634
006_042.npz,170.94826999982615,9578.521875578605,63.083261120685236,22.206609902451056,50,65.63194699901942,9578.521875578605,63.083261120685236,22.206609902451056,50,False,570
006_043.npz,143.94657400043798,8242.641386399355,84.88225099390856,38.86156732928934,66,160.83256900037668,8242.641386399355,84.88225099390856,38.86156732928934,66,True,144
006_045.npz,133.00084000002244,8082.026399625794,68.7401153701776,23.440310452587227,54,56.38200100020185,8082.026399625794,68.7401153701776,23.440310452587227,54,False,516
006_046.npz,173.17176500000642,7434.355378145768,64.66904755831213,20.972909352314886,52,105.41340100007801,7434.355378145768,64.66904755831213,20.972909352314886,52,False,742
006_048.npz,182.2748930007947,9160.796518488474,77.63961030678928,22.206609902451056,60,220.32922200014582,9160.796518488474,77.63961030678928,22.206609902451056,60,True,123
006_049.npz,122.6057909998417,6420.3466453056735,64.08326112068522,22.206609902451056,51,69.10690200038516,6420.3466453056735,64.08326112068522,22.206609902451056,51,False,572
006_050.npz,149.2166570005793,8098.531454950811,67.81118318204308,20.3560590772468,51,88.08942599898728,8098.531454950811,67.81118318204308,20.3560590772468,51,False,861
006_051.npz,129.73063599929446,8360.323282817879,68.7401153701776,28.375112653131907,54,66.60273099987535,8360.323282817879,68.7401153701776,28.375112653131907,54,False,433
006_052.npz,135.17685099941446,8243.588294178733,63.42640687119284,33.92676512874466,52,43.66630599997734,8243.588294178733,63.42640687119284,33.92676512874466,52,False,418
006_053.npz,171.75483500068367,8462.96054815982,80.98275605729691,38.861567329289336,65,69.02724999963539,8535.135141911416,79.56854249492379,33.926765128744655,64,False,611
006_055.npz,156.19255999990855,8691.714520861768,65.66904755831213,22.82346017751914,53,186.317842999415,8691.714520861768,65.66904755831213,22.82346017751914,53,True,306
006_056.npz,197.51314500081207,8012.357404080324,74.22539674441619,33.30991485367658,57,111.48402799972246,8012.357404080324,74.22539674441619,33.30991485367658,57,False,908
006_057.npz,114.83247900014248,7512.335854346779,67.7401153701776,22.206609902451056,53,55.27547799920285,7512.335854346779,67.7401153701776,22.206609902451056,53,False,528
006_058.npz,158.94679099983477,9349.711586128427,75.22539674441619,42.56266897969786,58,87.45019100024365,9349.711586128427,75.22539674441619,42.56266897969786,58,False,628
006_059.npz,174.49589999978343,9838.908733574388,76.3259018078045,20.972909352314886,62,218.7537820000216,9838.908733574388,76.3259018078045,20.972909352314886,62,True,318
006_060.npz,171.46544800016272,9116.607010818336,72.66904755831214,30.842513753404244,60,82.2508060000473,9116.607010818336,72.66904755831214,30.842513753404244,60,False,696
006_065.npz,184.75678200047696,9638.680819346117,80.22539674441617,28.99196292819999,63,182.4874930007354,9638.680819346117,80.22539674441617,28.99196292819999,63,False,479
006_071.npz,215.06871899964608,9873.836177158448,85.56854249492379,35.16046567888084,70,91.49153500038665,9873.836177158448,85.56854249492379,35.16046567888084,70,False,851
006_076.npz,184.7880940003961,8894.574053246253,69.15432893255071,31.459364028472333,54,64.2559079997227,9061.052404353935,67.49747468305831,28.99196292819999,54,False,522
006_080.npz,199.07409799998277,8757.698848382308,68.9116882454314,19.739208802178716,55,77.36123999984557,8757.698848382308,68.9116882454314,19.739208802178716,55,False,576
006_081.npz,164.43794099996012,8605.632507239196,70.74011537017759,23.440310452587227,56,56.157724999138736,9396.72728852855,73.5685424949238,24.674011002723397,58,False,564
006_082.npz,111.84404699997685,6748.082813005292,65.08326112068522,27.141412102995737,52,93.8691410001411,6748.082813005292,65.08326112068522,27.141412102995737,52,False,584
006_083.npz,182.57277500015334,9356.364273435014,75.7401153701776,24.674011002723397,61,256.2665810000908,9356.364273435014,75.7401153701776,24.674011002723397,61,True,534
006_084.npz,188.34492599944497,9123.953628586,78.98275605729688,23.440310452587227,63,300.399596000716,9123.953628586,78.98275605729688,23.440310452587227,63,True,341
006_088.npz,217.2864619997199,9931.185922494911,76.22539674441619,24.05716072765531,59,271.0163569990982,9931.185922494911,76.22539674441619,24.05716072765531,59,True,444
006_092.npz,173.0865529998482,9130.302874050138,78.22539674441619,26.524561827927652,61,105.2339950001624,9130.302874050138,78.22539674441619,26.524561827927652,61,False,797
006_094.npz,149.95583599920792,8544.11948537434,74.9827560572969,26.52456182792765,59,64.78116000016598,8768.126861757175,72.39696961966997,21.58975962738297,56,False,644
006_098.npz,169.97315400021762,8773.833736774282,77.39696961966999,27.75826237806382,61,218.90037600041978,8773.833736774282,77.39696961966999,27.75826237806382,61,True,320
007_002.npz,136.57304299977113,7487.573887235978,73.7401153701776,26.524561827927652,59,144.43813400066574,7487.573887235978,73.7401153701776,26.524561827927652,59,True,208
007_004.npz,158.19009599999845,7443.128627181104,66.08326112068522,26.524561827927652,53,67.56867699914437,7443.128627181104,66.08326112068522,26.524561827927652,53,False,636
007_005.npz,111.95236499952443,8056.6409398699025,65.49747468305831,27.758262378063822,52,57.17486000048666,8056.6409398699025,65.49747468305831,27.758262378063822,52,False,533
007_006.npz,185.20021899985295,9486.472223948855,84.29646455628166,29.608813203268074,65,249.05298800058517,9486.472223948855,84.29646455628166,29.608813203268074,65,True,388
007_007.npz,106.25261099994532,9214.298469381412,73.7401153701776,26.524561827927652,59,57.05887299882306,9214.298469381412,73.7401153701776,26.524561827927652,59,False,503
007_009.npz,144.55532200008747,9576.245126140508,74.81118318204308,23.440310452587227,58,66.07722800072224,9576.245126140508,74.81118318204308,23.440310452587227,58,False,532
007_011.npz,139.6930250002697,9218.327765875832,86.71067811865476,46.263770630106364,67,88.09693100010918,9218.327765875832,86.71067811865476,46.263770630106364,67,False,875
007_013.npz,173.102726000252,7249.194633788125,64.08326112068524,26.524561827927652,51,62.43008500041469,7249.194633788125,64.08326112068524,26.524561827927652,51,False,502
007_015.npz,84.17655799985369,8939.666336036144,75.1543289325507,24.674011002723393,60,57.07755500043277,8939.666336036144,75.1543289325507,24.674011002723393,60,False,552
007_017.npz,156.84584799964796,8099.42230019695,72.15432893255071,20.972909352314886,57,81.67093199972442,8099.42230019695,72.15432893255071,20.972909352314886,57,False,658
007_021.npz,136.12408899916772,8525.981768488913,73.91168824543142,24.674011002723393,60,67.08860400067351,8525.981768488913,73.91168824543142,24.674011002723393,60,False,703
007_022.npz,134.14644100066653,9091.399546656878,77.98275605729688,41.328968429561684,62,90.9987490003914,9091.399546656878,77.98275605729688,41.328968429561684,62,False,677
007_023.npz,205.91909299946565,9605.327880050445,81.05382386916236,38.24471705422125,63,82.85138200062647,9605.327880050445,81.05382386916236,38.24471705422125,63,False,562
007_024.npz,104.09878299924458,9570.99314077167,74.5685424949238,27.141412102995734,59,57.09027199918637,9570.99314077167,74.5685424949238,27.141412102995734,59,False,577
007_025.npz,149.01452300000528,7681.223683593621,58.012193308819754,26.52456182792765,47,55.59603700021398,7681.223683593621,58.012193308819754,26.52456182792765,47,False,480
007_026.npz,150.9689199992863,9488.246981952158,75.39696961967,29.608813203268078,59,227.64143299991701,9488.246981952158,75.39696961967,29.608813203268078,59,True,769
007_027.npz,89.28338799978519,6900.610369513787,63.42640687119284,22.206609902451056,52,82.48998100043536,6900.610369513787,63.42640687119284,22.206609902451056,52,False,558
007_028.npz,157.15269099928264,7453.801841199031,77.56854249492379,30.842513753404244,62,79.88955899963912,7453.801841199031,77.56854249492379,30.842513753404244,62,False,817
007_029.npz,184.69403199924272,9971.742142404246,77.81118318204308,30.225663478336163,61,85.29452299990226,9971.742142404246,77.81118318204308,30.225663478336163,61,False,656
007_030.npz,155.00697599964042,7761.414271697695,65.84062043356595,17.88865797697446,54,51.327344000128505,7761.414271697695,65.84062043356595,17.88865797697446,54,False,503
007_031.npz,153.79526500055363,7805.5054171827705,74.32590180780451,26.524561827927652,60,87.15042499989067,7805.5054171827705,74.32590180780451,26.524561827927652,60,False,688
007_040.npz,130.27603400041698,8288.75735958317,63.49747468305832,25.907711552859563,50,65.69115599995712,8288.75735958317,63.49747468305832,25.907711552859563,50,False,609
007_041.npz,167.65029199996206,8053.628657293377,68.25483399593904,29.608813203268074,56,241.01647399947979,8053.628657293377,68.25483399593904,29.608813203268074,56,True,514
007_042.npz,166.43557100087492,9452.676547519965,85.05382386916237,32.6930645786085,67,178.12638300074468,9452.676547519965,85.05382386916237,32.6930645786085,67,True,43
007_043.npz,107.69244699986302,7221.965860194752,72.32590180780451,34.54361540381276,58,65.62011300047743,7252.137311784292,70.08326112068522,39.47841760435742,57,False,489
007_044.npz,122.26867099980154,8671.688842166113,73.49747468305833,16.038107151770205,60,63.373898999998346,8961.047473993785,73.7401153701776,20.972909352314886,59,False,626
007_048.npz,157.87514000021474,8996.373229468461,77.7401153701776,32.69306457860849,63,81.69967400044698,9397.602114030811,84.8111831820431,36.394166229017,68,False,716
007_050.npz,160.17630100031965,8160.690135972466,67.7401153701776,30.842513753404244,53,93.91252200020972,8160.690135972466,67.7401153701776,30.842513753404244,53,False,565
007_056.npz,147.8803620002509,6529.096763863725,63.49747468305833,30.842513753404248,50,69.62292200023512,6570.4717377697925,61.840620433565945,27.141412102995734,50,False,679
007_058.npz,94.09184099968115,8746.50829597607,72.49747468305833,29.608813203268074,59,158.5520849994282,8746.50829597607,72.49747468305833,29.608813203268074,59,True,278
007_060.npz,106.85861199999636,9939.215274140082,83.15432893255071,41.32896842956169,68,165.96729600041726,9939.215274140082,83.15432893255071,41.32896842956169,68,True,632
007_061.npz,143.55247100047563,9763.326137859387,73.8111831820431,38.86156732928935,57,61.35358699975768,9937.119481495589,73.8111831820431,38.86156732928935,57,False,538
007_065.npz,124.39972900028806,6543.211121028024,63.84062043356594,30.84251375340424,52,58.39043500054686,6543.211121028024,63.84062043356594,30.84251375340424,52,False,560
007_066.npz,158.9956739999252,8923.14975657007,72.91168824543144,30.842513753404248,59,84.62881200011907,8923.14975657007,72.91168824543144,30.842513753404248,59,False,670
007_069.npz,156.78165600002103,8565.96289936217,77.39696961966999,26.524561827927652,61,65.68402100037929,8565.96289936217,77.39696961966999,26.524561827927652,61,False,636
007_070.npz,113.38961999990715,8055.011065766248,63.49747468305833,27.141412102995737,50,66.19735200001742,8055.011065766248,63.49747468305833,27.141412102995737,50,False,622
007_072.npz,179.57212300007086,9465.714800039506,75.91168824543142,28.991962928199992,62,101.05389800082776,9514.158468376354,75.91168824543142,28.991962928199992,62,False,640
007_074.npz,115.07034999976895,8586.517824810524,58.18376618407356,21.58975962738297,48,60.752051001145446,8586.517824810524,58.18376618407356,21.58975962738297,48,False,551
007_076.npz,113.65159199976915,8227.580418427116,78.81118318204308,22.206609902451056,62,170.71420899992518,8227.580418427116,78.81118318204308,22.206609902451056,62,True,203
007_077.npz,147.0008959995539,8517.870876594952,69.9116882454314,27.141412102995734,56,61.49672700030351,8517.870876594952,69.9116882454314,27.141412102995734,56,False,573
007_080.npz,154.8919480001132,8600.94936343061,72.74011537017762,20.3560590772468,58,201.53631100038183,8600.94936343061,72.74011537017762,20.3560590772468,58,True,328
007_081.npz,139.23861700004636,9449.823350339078,80.39696961966997,35.16046567888083,64,73.14684300035879,9449.823350339078,80.39696961966997,35.16046567888083,64,False,694
007_083.npz,73.51328200002172,9297.638344059113,74.56854249492379,24.05716072765531,59,79.97769699977653,9297.638344059113,74.56854249492379,24.05716072765531,59,True,46
007_084.npz,148.0558220000603,9109.549579599201,78.56854249492379,30.225663478336163,63,76.02425899949594,9109.549579599201,78.56854249492379,30.225663478336163,63,False,787
007_085.npz,169.2955799999254,9476.064635830733,68.25483399593902,28.375112653131907,56,241.22466699918732,9476.064635830733,68.25483399593902,28.375112653131907,56,True,230
007_088.npz,115.43981399972836,8374.861997312648,62.012193308819754,30.22566347833616,51,69.86703900020075,8374.861997312648,62.012193308819754,30.22566347833616,51,False,548
007_089.npz,148.85169499939366,9941.482913645852,84.88225099390856,40.7121181544936,66,73.98480999927415,9941.482913645852,84.88225099390856,40.7121181544936,66,False,716
007_090.npz,141.89405700017232,9441.781857715889,85.29646455628166,34.54361540381275,66,64.26359299985052,9441.781857715889,85.29646455628166,34.54361540381275,66,False,555
007_091.npz,160.10633400037477,9194.186672457174,69.1543289325507,22.82346017751914,54,64.43702799970197,9260.038239512502,68.3259018078045,22.82346017751914,54,False,665
007_092.npz,171.43894400032877,9093.830151764312,79.1543289325507,33.92676512874466,64,101.53173100025015,9093.830151764312,79.1543289325507,33.92676512874466,64,False,817
007_096.npz,136.9491220002601,6662.712274909181,63.840620433565945,22.82346017751914,52,66.61643000006734,6662.712274909181,63.840620433565945,22.82346017751914,52,False,620
007_097.npz,183.8247079995199,9040.087262522033,71.49747468305833,31.45936402847233,58,92.49771499980852,9040.087262522033,71.49747468305833,31.45936402847233,58,False,633
007_098.npz,169.35410000041884,9891.881978247078,75.9116882454314,25.907711552859567,62,213.44549500008725,9891.881978247078,75.9116882454314,25.907711552859567,62,True,266
007_099.npz,189.45455900029629,9436.159004523104,79.98275605729688,33.92676512874467,64,97.32858600000327,9436.159004523104,79.98275605729688,33.92676512874467,64,False,708
008_000.npz,192.72444800026278,9312.66208798609,77.66904755831214,34.543615403812744,65,83.58619099908537,9438.576307087496,79.32590180780451,41.945818704629765,65,False,677
008_001.npz,180.47494599977654,8418.867370413802,67.32590180780451,23.440310452587227,53,252.8713779993268,8418.867370413802,67.32590180780451,23.440310452587227,53,True,377
008_003.npz,94.7556959999929,7807.139816517244,60.52691193458118,16.038107151770205,52,113.77259600067191,7807.139816517244,60.52691193458118,16.038107151770205,52,True,175
008_005.npz,123.97327100006805,5859.485648058764,54.18376618407356,20.3560590772468,44,84.71268900029827,5859.485648058764,54.18376618407356,20.3560590772468,44,False,771
008_008.npz,131.27818999964802,6682.697827218393,62.08326112068523,16.654957426838294,49,59.7247370005789,6682.697827218393,62.08326112068523,16.654957426838294,49,False,539
008_011.npz,160.84165499978553,9223.34650550063,69.56854249492379,22.82346017751914,54,85.28639900032431,9223.34650550063,69.56854249492379,22.82346017751914,54,False,652
008_013.npz,173.76626799978112,7125.250994220159,67.25483399593902,29.608813203268078,55,103.6348249999719,7125.250994220159,67.25483399593902,29.608813203268078,55,False,671
008_015.npz,176.09435300073528,8921.812900536144,77.74011537017759,24.674011002723397,63,111.8623860002117,8921.812900536144,77.74011537017759,24.674011002723397,63,False,761
008_017.npz,136.59355399977358,8284.42070767767,66.32590180780451,24.674011002723397,52,160.10373400058597,8284.42070767767,66.32590180780451,24.674011002723397,52,True,290
008_018.npz,124.62157300069521,8512.496533229503,71.39696961966997,28.991962928199992,55,60.69921199923556,8512.496533229503,71.39696961966997,28.991962928199992,55,False,589
008_019.npz,158.35141399929853,9656.009969049617,75.15432893255071,30.225663478336163,60,77.39409799978603,9656.009969049617,75.15432893255071,30.225663478336163,60,False,644
008_021.npz,150.09864100011328,7681.010074610658,70.42640687119284,24.05716072765531,59,62.22571099988272,7901.972211575474,70.42640687119284,25.290861277791482,59,False,582
008_025.npz,89.36295100011193,7914.369672730383,68.32590180780451,26.524561827927652,54,121.49364000015339,7914.369672730383,68.32590180780451,26.524561827927652,54,True,344
008_026.npz,176.2411229992722,9530.065371892531,88.29646455628166,27.141412102995737,69,83.82840899957955,9530.065371892531,88.29646455628166,27.141412102995737,69,False,740
008_033.npz,151.89764000024297,8755.979824171924,73.32590180780453,28.99196292819999,59,64.34468100087543,8755.979824171924,73.32590180780453,28.99196292819999,59,False,640
008_036.npz,145.8588019995659,8129.859748463907,66.49747468305833,21.58975962738297,53,65.31516199993348,8129.859748463907,66.49747468305833,21.58975962738297,53,False,659
008_037.npz,121.2793419999798,9259.420756530944,80.22539674441617,33.30991485367659,63,72.39910799944482,9259.420756530944,80.22539674441617,33.30991485367659,63,False,628
008_039.npz,137.77424999989307,8800.13655330829,70.9827560572969,28.991962928199992,55,65.50151100054791,8800.13655330829,70.9827560572969,28.991962928199992,55,False,613
008_043.npz,156.77270499963925,7411.792553657258,65.25483399593904,31.459364028472333,53,100.20210799939377,7965.140277652017,66.08326112068522,30.225663478336163,53,False,691
008_044.npz,167.71202299969445,7818.892553859411,65.66904755831213,21.58975962738297,53,107.06982999909087,8713.223880067544,64.01219330881975,28.991962928199992,53,False,607
008_047.npz,218.96379700046964,9664.433020331595,70.49747468305833,18.505508252042546,57,292.4680799997077,9664.433020331595,70.49747468305833,18.505508252042546,57,True,612
008_051.npz,107.40724300012516,7705.702645384641,63.91168824543142,34.54361540381275,50,71.60818499960442,7705.702645384641,63.91168824543142,34.54361540381275,50,False,595
008_055.npz,147.21147999989626,7149.834718162538,65.49747468305831,27.758262378063822,52,62.74833299994498,7149.834718162538,65.49747468305831,27.758262378063822,52,False,628
008_056.npz,90.48016500037193,8761.586039696786,73.8111831820431,22.82346017751914,57,124.03258900030778,8761.586039696786,73.8111831820431,22.82346017751914,57,True,199
008_057.npz,163.03898299975117,8754.41583396647,72.5685424949238,24.05716072765531,57,110.36216100001184,8754.41583396647,72.5685424949238,24.05716072765531,57,False,722
008_059.npz,151.34957800000848,8173.990529577418,61.08326112068522,14.804406601634039,48,85.1203539996277,8173.990529577418,61.08326112068522,14.804406601634039,48,False,869
008_064.npz,148.5432800000126,8301.564640942384,63.426406871192846,23.440310452587223,52,85.95056699869019,8301.564640942384,63.426406871192846,23.440310452587223,52,False,791
008_065.npz,184.9643509995076,9143.984987664246,77.81118318204307,28.99196292819999,61,97.58687500107044,9143.984987664246,77.81118318204307,28.99196292819999,61,False,757
008_070.npz,243.8859069998216,8502.67821682783,79.9827560572969,31.45936402847233,64,268.0117979998613,8502.67821682783,79.9827560572969,31.45936402847233,64,True,389
008_073.npz,186.29482400046982,8077.458566006047,69.7401153701776,20.972909352314886,55,94.7137040002417,8077.458566006047,69.7401153701776,20.972909352314886,55,False,710
008_074.npz,155.46512700075255,5828.153757810617,60.840620433565945,30.842513753404248,49,112.57191999993665,5828.153757810617,60.840620433565945,30.842513753404248,49,False,763
008_075.npz,162.043776000246,7331.481818773243,65.49747468305833,18.505508252042546,52,95.05463400091685,7331.481818773243,65.49747468305833,18.505508252042546,52,False,650
008_076.npz,116.95996300022671,6682.701041524569,62.91168824543142,25.907711552859567,49,67.51737000104185,6682.701041524569,62.91168824543142,25.907711552859567,49,False,660
008_079.npz,156.43694099981076,8272.223213404726,69.56854249492379,30.842513753404244,54,245.46383899996727,8272.223213404726,69.56854249492379,30.842513753404244,54,True,786
008_080.npz,134.10818299962557,9401.77334247693,80.32590180780453,28.99196292819999,66,87.95406900117086,9401.77334247693,80.32590180780453,28.99196292819999,66,False,777
008_082.npz,79.33835399944655,7759.460232178348,69.91168824543142,34.543615403812744,56,44.42235500027891,7817.3699432658395,69.91168824543142,33.309914853676574,56,False,435
008_086.npz,179.27201200018317,8972.669734640584,69.66904755831214,20.97290935231489,57,82.53143399997498,8972.669734640584,69.66904755831214,20.97290935231489,57,False,752
008_087.npz,145.00203999978112,7541.193609704693,66.42640687119284,16.038107151770205,55,176.32040900025459,7541.193609704693,66.42640687119284,16.038107151770205,55,True,154
008_088.npz,161.20891499940626,8539.26927065289,72.32590180780451,28.99196292819999,58,50.41521200018906,8539.26927065289,72.32590180780451,28.99196292819999,58,False,475
008_090.npz,49.64304399982211,7321.900885102061,70.25483399593904,33.30991485367658,58,43.62612199929572,7321.900885102061,70.25483399593904,33.30991485367658,58,False,446
008_091.npz,109.06986800000595,8474.256451025682,84.81118318204308,26.52456182792765,68,77.30408599945804,8474.256451025682,84.81118318204308,26.52456182792765,68,False,764
008_092.npz,178.32950100000744,8498.569737098702,69.9116882454314,22.82346017751914,56,107.53266099982284,8526.202468513093,70.49747468305833,25.29086127779148,57,False,533
008_093.npz,206.08901400009927,8800.017755585253,66.49747468305833,26.524561827927652,53,269.75937800125394,8800.017755585253,66.49747468305833,26.524561827927652,53,True,473
008_095.npz,164.08442000010837,7825.046848414344,63.91168824543142,25.29086127779148,50,123.57202200018946,7825.046848414344,63.91168824543142,25.29086127779148,50,False,649
008_097.npz,122.12676000035572,8700.723492432437,74.22539674441619,25.907711552859567,57,145.3530340004363,8700.723492432437,74.22539674441619,25.907711552859567,57,True,235
009_000.npz,146.04062200032786,8431.542503666511,63.91168824543142,30.22566347833616,50,76.79433100020105,8431.542503666511,63.91168824543142,30.22566347833616,50,False,548
009_001.npz,111.30135500025062,7969.799592727702,65.42640687119284,28.375112653131904,54,54.54756900053326,7969.799592727702,65.42640687119284,28.375112653131904,54,False,539
009_002.npz,140.28228600000148,7425.197810487129,62.25483399593904,19.12235852711063,50,81.25571300024603,7425.197810487129,62.25483399593904,19.12235852711063,50,False,729
009_003.npz,152.70853499987425,9448.733339891052,81.25483399593904,24.674011002723397,69,204.4616209996093,9448.733339891052,81.25483399593904,24.674011002723397,69,True,559
009_007.npz,184.56119399979798,8745.680011266235,76.9827560572969,30.22566347833616,61,81.34822499960137,8745.680011266235,76.9827560572969,30.22566347833616,61,False,790
009_010.npz,122.01612199987721,9703.649507292621,70.91168824543142,17.88865797697446,57,164.19538199988892,9703.649507292621,70.91168824543142,17.88865797697446,57,True,243
009_011.npz,201.84815700031322,8225.518832507796,71.1543289325507,20.972909352314886,56,256.8316340002639,8225.518832507796,71.1543289325507,20.972909352314886,56,True,385
009_014.npz,152.91464700021606,8638.207504284797,73.91168824543142,26.524561827927652,60,77.9224730003989,8638.207504284797,73.91168824543142,26.524561827927652,60,False,674
009_015.npz,161.70593700007885,7802.996536658116,62.66904755831213,19.739208802178716,50,75.25643199915066,7802.996536658116,62.66904755831213,19.739208802178716,50,False,774
009_016.npz,129.9025869993784,8338.767214869576,66.66904755831213,27.758262378063822,54,71.50576799995179,8338.767214869576,66.66904755831213,27.758262378063822,54,False,634
009_018.npz,175.2958139995826,8866.997586651782,78.81118318204308,27.758262378063822,62,281.96694899907015,8866.997586651782,78.81118318204308,27.758262378063822,62,True,506
009_023.npz,163.60425800030498,9954.959317228288,71.49747468305833,21.58975962738297,58,187.69645200063678,9954.959317228288,71.49747468305833,21.58975962738297,58,True,176
009_024.npz,175.23218099995574,9480.145096673512,81.39696961966999,36.394166229017,65,108.25049499999295,9480.145096673512,81.39696961966999,36.394166229017,65,False,701
009_026.npz,141.93332099966938,6405.176660693461,61.840620433565945,21.58975962738297,50,63.559589999385935,7283.843521897061,70.32590180780451,30.22566347833616,56,False,636
009_027.npz,157.6389450001443,8287.656742949188,64.42640687119284,31.45936402847233,53,212.9291960000046,8287.656742949188,64.42640687119284,31.45936402847233,53,True,408
009_031.npz,112.8648849999081,7801.471446000533,65.32590180780451,21.58975962738297,51,73.2357189999675,7801.471446000533,65.32590180780451,21.58975962738297,51,False,601
009_034.npz,161.85378799946193,8870.491912324156,75.5685424949238,44.41321980490211,60,62.24658300016017,8870.491912324156,75.5685424949238,44.41321980490211,60,False,577
009_036.npz,174.44616600005247,8010.232202651919,65.25483399593904,24.05716072765531,53,248.7191009995513,8010.232202651919,65.25483399593904,24.05716072765531,53,True,256
009_037.npz,263.1798769998568,9796.473260244335,73.7401153701776,32.69306457860849,59,295.03262900016125,9796.473260244335,73.7401153701776,32.69306457860849,59,True,584
009_039.npz,152.1359799999118,8182.310440919506,57.76955262170046,21.58975962738297,48,54.550910001125885,8182.310440919506,57.76955262170046,21.58975962738297,48,False,378
009_043.npz,208.34669899977598,9310.86153987879,81.71067811865474,25.29086127779148,62,97.94269099984376,9310.86153987879,81.71067811865474,25.29086127779148,62,False,789
009_044.npz,105.15939300057653,7924.859880178639,67.66904755831213,26.524561827927652,55,61.24410199936392,7924.859880178639,67.66904755831213,26.524561827927652,55,False,554
009_049.npz,175.53594800028804,9367.566090547025,63.840620433565945,17.27180770190638,52,65.1664429997254,9464.419170762407,63.01219330881976,16.038107151770205,52,False,553
009_050.npz,167.54850399956922,8612.90168308422,71.56854249492379,37.62786677915318,56,263.53337799992005,8612.90168308422,71.56854249492379,37.62786677915318,56,True,562
009_052.npz,167.06876400075998,7841.493576951915,62.25483399593904,23.440310452587227,50,88.80932499960181,7841.493576951915,62.25483399593904,23.440310452587227,50,False,578
009_054.npz,203.2992260001265,9304.224794274252,77.39696961966999,25.907711552859567,61,269.7150399999373,9304.224794274252,77.39696961966999,25.907711552859567,61,True,585
009_055.npz,171.3272879997021,6685.874540796054,57.25483399593902,25.29086127779148,45,109.17546800101263,6685.874540796054,57.25483399593902,25.29086127779148,45,False,705
009_056.npz,206.40340999943874,9386.697381568256,79.39696961966997,37.627866779153166,63,262.813028999517,9386.697381568256,79.39696961966997,37.627866779153166,63,True,474
009_058.npz,163.12148199995136,9787.52909547889,69.1543289325507,27.141412102995737,54,59.20515800062276,9787.52909547889,69.1543289325507,27.141412102995737,54,False,588
009_060.npz,159.6067580003364,6768.521758315353,64.84062043356593,27.75826237806382,53,132.56653900043602,6768.521758315353,64.84062043356593,27.75826237806382,53,False,785
009_061.npz,123.46074400011275,9224.951030114431,65.66904755831213,29.608813203268078,53,60.09883999922749,9224.951030114431,65.66904755831213,29.608813203268078,53,False,561
009_064.npz,150.9968159998607,9021.667703028434,65.49747468305831,34.54361540381275,52,182.6410970006691,9021.667703028434,65.49747468305831,34.54361540381275,52,True,229
009_071.npz,119.73099699935119,9279.93044549811,76.9827560572969,32.69306457860849,61,73.83035800012294,9279.93044549811,76.9827560572969,32.69306457860849,61,False,646
009_072.npz,101.77473099975032,4494.689354101573,51.35533905932738,19.12235852711063,42,65.83420300012222,4494.689354101573,51.35533905932738,19.12235852711063,42,False,627
009_073.npz,141.58859200051666,6972.124974292707,58.42640687119284,19.12235852711063,47,73.21501299975353,6972.124974292707,58.42640687119284,19.12235852711063,47,False,547
009_074.npz,119.59043100068811,7853.7642683558115,67.49747468305831,21.58975962738297,54,55.16521699973964,7853.7642683558115,67.49747468305831,21.58975962738297,54,False,556
009_075.npz,181.038589000309,9609.02193715619,84.39696961967,26.524561827927652,68,107.54347100009909,9837.124239007551,83.5685424949238,28.99196292819999,68,False,768
009_076.npz,117.61040100009268,8597.489415125468,70.3259018078045,23.440310452587227,56,58.202453999911086,8597.489415125468,70.3259018078045,23.440310452587227,56,False,570
009_078.npz,135.1883289999023,8887.212725655763,81.49747468305833,36.394166229017,68,181.24901099963608,8887.212725655763,81.49747468305833,36.394166229017,68,True,166
009_082.npz,110.29308999968634,6892.097166096263,63.84062043356594,30.225663478336163,52,55.48855500001082,6892.097166096263,63.84062043356594,30.225663478336163,52,False,524
009_083.npz,101.51684599986766,9823.766592512553,92.46803743153548,37.62786677915318,74,122.27561400050035,9823.766592512553,92.46803743153548,37.62786677915318,74,True,113
009_087.npz,163.6405899998863,9826.21337255391,83.9827560572969,35.16046567888083,68,210.61794399975042,9826.21337255391,83.9827560572969,35.16046567888083,68,True,95
009_088.npz,110.69689499981905,9849.150783492161,75.39696961966999,30.842513753404244,59,176.17690899987792,9849.150783492161,75.39696961966999,30.842513753404244,59,True,541
009_089.npz,129.8204180002358,9575.511507015239,88.71067811865476,35.16046567888084,69,62.41281500024343,9575.511507015239,88.71067811865476,35.16046567888084,69,False,597
009_091.npz,102.6686029999837,6258.539980593292,60.012193308819754,20.3560590772468,49,64.14138599939179,6310.5356683190375,60.012193308819754,21.58975962738297,49,False,463
009_093.npz,185.80434900013643,9816.44462501309,69.32590180780451,22.206609902451056,55,273.75979500084213,9816.44462501309,69.32590180780451,22.206609902451056,55,True,701
009_094.npz,150.4821560001801,8170.614799322009,66.66904755831213,25.907711552859567,54,69.81696000002557,8170.614799322009,66.66904755831213,25.907711552859567,54,False,601
009_096.npz,152.29839499988884,7912.805551239383,69.22539674441617,24.674011002723397,52,66.35885300056543,7912.805551239383,69.22539674441617,24.674011002723397,52,False,650
009_097.npz,91.17989800051873,9885.70728657183,77.7401153701776,22.82346017751914,63,56.462460000147985,9885.70728657183,77.7401153701776,22.82346017751914,63,False,550
009_099.npz,93.92731899970386,8233.505174421325,67.08326112068522,28.375112653131904,54,56.05561499942269,8233.505174421325,67.08326112068522,28.375112653131904,54,False,533
