map,trad_rmse_m,trad_max_err_m,trad_energy,trad_success,trad_time_s,hyb_rmse_m,hyb_max_err_m,hyb_energy,hyb_success,hyb_time_s,improvement_pct
000_000.npz,0.04403171859344788,0.18968427424288034,104.11732897868818,1.0,8.86778350700024,0.05005745293602679,0.17537311398426245,114.14917669346244,1.0,10.112723704000018,-13.684985585540083
000_040.npz,0.0937515647958994,0.18938057475196304,90.80374263050828,0.0,9.091911582999273,0.05469578337411062,0.2061583554776425,129.01900804409647,1.0,10.26636498500011,41.658804849620005
000_072.npz,0.1423901685349992,0.20814795990500742,55.00125830481217,0.0,10.615319671999714,0.05815942606307825,0.2060850778816836,154.87043426814205,0.0,11.346831953000219,59.15488642126103
001_002.npz,0.10115696325434166,0.20400770200737953,87.43883915017699,0.0,9.780576475999624,0.05311875311699194,0.21013108010677117,155.16543424183234,1.0,10.461569559000054,47.48878237533284
001_028.npz,0.051587144690022436,0.20235533275614967,85.45722462037553,0.0,6.8054577859993515,0.052055017518330055,0.2021257589127227,104.41781692492664,1.0,8.190387238999392,-0.9069562409762721
001_061.npz,0.05054761795632247,0.1854404125831667,108.04298974668487,0.0,8.790053523000097,0.05152270230985704,0.17925801151945275,126.1242714269692,1.0,9.880853973999365,-1.9290411555637068
001_089.npz,0.1837332325187171,0.19029303308878406,7.177830565017492,0.0,9.998938802999874,0.05877028835753484,0.2106485158433401,133.13122775972184,0.0,9.76461368299988,68.01325075933237
002_012.npz,0.050000890719389124,0.19585780400036193,112.39624091250064,1.0,9.019173313000465,0.054394237929944585,0.21038456409140363,125.47480298793099,1.0,11.074067089999517,-8.786537894317608
002_047.npz,0.1927691464164118,0.19494563385741556,2.0481923477027992,0.0,8.028908125999806,0.05932439782044681,0.21438926789163792,92.27578402842283,1.0,7.953451836000568,69.2251592522505
002_078.npz,0.05245522237592779,0.19031008465719998,109.4523887519066,1.0,8.4729256669998,0.05532061319191942,0.18242257281050844,119.5901859091915,1.0,9.764500522000162,-5.4625463132276915
003_011.npz,0.1061751239875684,0.19025259642824038,76.25408540500756,0.0,8.522921679999854,0.055980049795168005,0.20060939951548823,113.72488710468038,1.0,9.843435611000132,47.27573871095976
003_047.npz,0.046978524751698336,0.18800720166797588,113.85310412633282,1.0,8.750900756000192,0.047981971313994135,0.17693580671080467,121.7687896081511,1.0,11.151643871000488,-2.135968652909907
003_079.npz,0.11833295209055254,0.19160499228106265,86.01764423941742,0.0,11.80385546800062,0.051157467505394634,0.18597979503190176,140.02050473394092,1.0,13.48335728999973,56.768198036463126
004_002.npz,0.0538989312481415,0.1917362938809041,106.44991622214698,0.0,8.18139301300016,0.05190860747331215,0.1844520967863705,117.21976976913218,1.0,9.450582028999634,3.6926961791992445
004_029.npz,0.14723472265829612,0.19707348395736535,52.00423467828937,0.0,10.426021557999775,0.061384556118259416,0.18317948730679592,127.32068071680202,1.0,11.236950786999842,58.30836978535198
004_058.npz,0.06768954046850088,0.19723264585980016,109.28754931687882,0.0,9.487639199000114,0.05546242470472175,0.19891529934173618,127.80830202428007,1.0,11.004572097999699,18.06352307779218
004_096.npz,0.056895076135629274,0.1930741410474205,100.99449826137446,0.0,8.56788258800043,0.057242944716720166,0.20641158636125526,114.68757902009038,1.0,9.991246092999972,-0.6114212419043533
005_026.npz,0.19104573131803318,0.19511683821629922,4.155322678411589,0.0,9.232519284000773,0.06158920379328181,0.22102455353591316,114.29741093934746,1.0,9.91009248499995,67.76206232488153
005_058.npz,0.04800351012192428,0.18638903892894207,98.5621129077453,1.0,8.283473459000561,0.05453105251064756,0.18848537692693584,114.31123446291947,1.0,9.686298301999159,-13.598052251062375
005_090.npz,0.05069792639761606,0.19174192421679545,95.51859490083733,1.0,7.15767622400017,0.05079073392998629,0.17221673124976739,110.72214787504113,1.0,8.788200906000384,-0.18305981913806368
006_022.npz,0.1743274939031134,0.18852565414100753,11.41382553158616,0.0,9.675063095999576,0.05980461001474964,0.21080909619521168,113.6691384339255,1.0,9.616065070000332,65.69410327897705
006_048.npz,0.1799393272968745,0.18896446101796205,11.83050191846727,0.0,10.820841329999894,0.050792004343537096,0.2066122253621945,127.0081881584787,1.0,10.08933948000049,71.77270521872217
006_081.npz,0.050296192300254824,0.1955518014332193,104.7178536583575,1.0,8.26383375000023,0.053933665539008996,0.2133442973954694,114.82801343321177,1.0,9.596773851999387,-7.2321046035441965
007_015.npz,0.04970773444037515,0.18749931125134847,102.65604924234174,0.0,8.375063334000515,0.057115716277919976,0.20481448733582472,153.0928308063893,0.0,9.91780324499996,-14.903076796692
007_043.npz,0.18525834510252534,0.20491259071320497,17.80845256791599,0.0,11.612722509000378,0.06395141957859192,0.20744070937534592,129.16952603325873,1.0,10.201689979000548,65.4798710723665
007_080.npz,0.04713917238125101,0.18857361461544894,101.89035976319798,0.0,8.022086223999395,0.05324990715075084,0.17366356764506266,139.40387674739773,1.0,9.826648707999993,-12.963177885427399
008_003.npz,0.03677151877936254,0.10299020523057435,88.43830787213943,1.0,7.120510835000459,0.044788357692465676,0.10493990918534975,104.81755164284007,1.0,8.872658329999467,-21.801761741759936
008_043.npz,0.13546537840119993,0.19589261064300284,48.88984391606607,0.0,8.912351613000283,0.061553933955865496,0.21169249690829559,108.79545715793836,1.0,9.695116094999321,54.56113238501074
008_080.npz,0.04621020744546792,0.19248749637500537,115.24561454864548,1.0,9.766552024000703,0.05276396956945759,0.18163982273666832,136.7507294532267,1.0,11.687781051000457,-14.182498816357148
009_010.npz,0.04519396934169019,0.19118998794405104,103.98941192552664,0.0,7.900021079999533,0.04508619350093151,0.18216985610199393,119.06278884987881,1.0,9.432652039999994,0.2384739431578587
